Category,UPC,Reference No.,Item Name,Item Name2,Size,Retail Price,Supplier Cost,GST,PST,Unnamed: 10,TAX4,Supplier,Price Group,Deposit Group,Deposit Amount,Env. Fee,Carton Barcode,Active,Open Item,Scale Item,Redemption Item,WIC Item,Food Stamp Item,Special Item,Reward Point Item,Sale Qty Limit Item,Prepaid Item,Percent Discount Item,Print Label,Carton,Hold Qty,Manage Inv.,On Hand,Inv. Level,Inv. Threshold Level,Discount Rule,Discount Period,Discount Start Date,Discount End Date,Discount Qty,Discount Price,Per Unit,Tax Included,Margin Rate,Default Limited Sale Qty,Tare,Box Cost,Box Qty,Memo,Last Updated Date
Grocery,723246285726,,lx sella xl basmati 20lb,,,22.99,0.0,N,N,N,N,--- No Supplier ---,No Group,No Deposit,0.0,0.0,,Y,N,N,N,N,N,N,N,N,N,Y,N,N,1,Y,30,0,0,No Discount,N,20071112,20071112,0,0.0,,Y,0.0,0,No Tare,0.0,1,,
Grocery,841905061518,,moms magic cashew and almond,,,3.49,0.0,N,N,N,N,--- No Supplier ---,No Group,No Deposit,0.0,0.0,,Y,N,N,N,N,N,N,N,N,N,Y,N,N,1,Y,35,0,0,No Discount,N,20071112,20071112,0,0.0,,Y,0.0,0,No Tare,0.0,1,,
Grocery,723246288673,,phool makhana 400gm,,,17.99,0.0,N,N,N,N,--- No Supplier ---,No Group,No Deposit,0.0,0.0,,Y,N,N,N,N,N,N,N,N,N,Y,N,N,1,Y,9,0,0,No Discount,N,20071112,20071112,0,0.0,,Y,0.0,0,No Tare,0.0,1,,
Grocery,723246177298,,lx red chilli powder 800gms,,,13.99,0.0,N,N,N,N,--- No Supplier ---,No Group,No Deposit,0.0,0.0,,Y,N,N,N,N,N,N,N,N,N,Y,N,N,1,Y,10,0,0,No Discount,N,20071112,20071112,0,0.0,,N,0.0,0,No Tare,0.0,1,,
Grocery,723246187198,,whole nut meg 100gms,,,4.99,0.0,N,N,N,N,--- No Supplier ---,No Group,No Deposit,0.0,0.0,,Y,N,N,N,N,N,N,N,N,N,Y,N,N,1,Y,19,0,0,No Discount,N,20071112,20071112,0,0.0,,Y,0.0,0,No Tare,0.0,1,,
Grocery,061200018608,,dairy milk fire works,,,1.99,0.0,Y,N,N,N,--- No Supplier ---,No Group,No Deposit,0.0,0.0,,Y,N,N,N,N,N,N,N,N,N,Y,N,N,1,Y,0,0,0,No Discount,N,20071112,20071112,0,0.0,,Y,0.0,0,No Tare,0.0,1,,
Grocery,8901565001728,,pik-nik tomato chilli,,,1.99,0.0,N,N,N,N,--- No Supplier ---,No Group,No Deposit,0.0,0.0,,Y,N,N,N,N,N,N,N,N,N,Y,N,N,1,Y,-7,0,0,No Discount,N,20071112,20071112,0,0.0,,Y,0.0,0,No Tare,0.0,1,,
Grocery,046139068900,,center fresh 20pack,,,3.49,0.0,N,N,N,N,--- No Supplier ---,No Group,No Deposit,0.0,0.0,,Y,N,N,N,N,N,N,N,N,N,Y,N,N,1,Y,9,0,0,No Discount,N,20071112,20071112,0,0.0,,Y,0.0,0,No Tare,0.0,1,,
Grocery,738015592011,,type c to type c cable,,,12.99,0.0,N,N,N,N,--- No Supplier ---,No Group,No Deposit,0.0,0.0,,Y,N,N,N,N,N,N,N,N,N,Y,N,N,1,Y,0,0,0,No Discount,N,20071112,20071112,0,0.0,,Y,0.0,0,No Tare,0.0,1,,
Grocery,8906166082886,,ingrano red rajma 2lb,,,4.99,0.0,N,N,N,N,--- No Supplier ---,No Group,No Deposit,0.0,0.0,,Y,N,N,N,N,N,N,N,N,N,Y,N,N,1,Y,0,0,0,No Discount,N,20071112,20071112,0,0.0,,Y,0.0,0,No Tare,0.0,1,,
Grocery,8906166082817,,ingrano toor dal oily,,,5.49,0.0,N,N,N,N,--- No Supplier ---,No Group,No Deposit,0.0,0.0,,Y,N,N,N,N,N,N,N,N,N,Y,N,N,1,Y,0,0,0,No Discount,N,20071112,20071112,0,0.0,,Y,0.0,0,No Tare,0.0,1,,
Grocery,8906166082893,,ingrano white chole 2lb,,,4.99,0.0,N,N,N,N,--- No Supplier ---,No Group,No Deposit,0.0,0.0,,Y,N,N,N,N,N,N,N,N,N,Y,N,N,1,Y,-2,0,0,No Discount,N,20071112,20071112,0,0.0,,Y,0.0,0,No Tare,0.0,1,,
Grocery,8906166082831,,ingrano moong whole 2lb,,,4.75,0.0,N,N,N,N,--- No Supplier ---,No Group,No Deposit,0.0,0.0,,Y,N,N,N,N,N,N,N,N,N,Y,N,N,1,Y,-3,0,0,No Discount,N,20071112,20071112,0,0.0,,Y,0.0,0,No Tare,0.0,1,,
Grocery,8906133641627,,Nilgiri Ginger Garlic paste 750gr,,,7.59,0.0,N,N,N,N,--- No Supplier ---,No Group,No Deposit,0.0,0.0,,Y,N,N,N,N,N,N,N,N,N,Y,N,N,1,Y,-1,0,0,No Discount,N,20071112,20071112,0,0.0,,N,0.0,0,No Tare,0.0,1,,
Grocery,8906133640019,,Nilgiri Matta Rice 22lb/10 kg,,,24.99,0.0,N,N,N,N,--- No Supplier ---,No Group,No Deposit,0.0,0.0,,Y,N,N,N,N,N,N,N,N,N,Y,N,N,1,Y,6,0,0,No Discount,N,20071112,20071112,0,0.0,,N,0.0,0,No Tare,0.0,1,,
Grocery,785018012480,,Priya Red Chilli Pckl,,,3.1,0.0,N,N,N,N,--- No Supplier ---,No Group,No Deposit,0.0,0.0,,Y,N,N,N,N,N,N,N,N,N,Y,N,N,1,Y,9,0,0,No Discount,N,20071112,20071112,0,0.0,,N,0.0,0,No Tare,0.0,1,,
Grocery,785018012510,,Priya ginger pikl 300mg,,,3.1,0.0,N,N,N,N,--- No Supplier ---,No Group,No Deposit,0.0,0.0,,Y,N,N,N,N,N,N,N,N,N,Y,N,N,1,Y,12,0,0,No Discount,N,20071112,20071112,0,0.0,,N,0.0,0,No Tare,0.0,1,,
Grocery,060410054765,,cheetos crunchy croquant,,,4.99,0.0,N,N,N,N,--- No Supplier ---,No Group,No Deposit,0.0,0.0,,Y,N,N,N,N,N,N,N,N,N,Y,N,N,1,Y,-2,0,0,No Discount,N,20071112,20071112,0,0.0,,Y,0.0,0,No Tare,0.0,1,,
Grocery,788821030016,,shaan tandoori masala,,,2.99,0.0,N,N,N,N,--- No Supplier ---,No Group,No Deposit,0.0,0.0,,Y,N,N,N,N,N,N,N,N,N,Y,N,N,1,Y,-1,0,0,No Discount,N,20071112,20071112,0,0.0,,Y,0.0,0,No Tare,0.0,1,,
Grocery,8929991724370,,chilli garlic chakli,,,3.99,0.0,N,N,N,N,--- No Supplier ---,No Group,No Deposit,0.0,0.0,,Y,N,N,N,N,N,N,N,N,N,Y,N,N,1,Y,-7,0,0,No Discount,N,20071112,20071112,0,0.0,,Y,0.0,0,No Tare,0.0,1,,
Grocery,723246284620,,LX Brown Sonamasoori Rice,,,16.99,0.0,N,N,N,N,--- No Supplier ---,No Group,No Deposit,0.0,0.0,,Y,N,N,N,N,N,N,N,N,N,Y,N,N,1,Y,-1,0,0,No Discount,N,20071112,20071112,0,0.0,,Y,0.0,0,No Tare,0.0,1,,
Grocery,620514013084,,national corn flour,,,2.99,0.0,N,N,N,N,--- No Supplier ---,No Group,No Deposit,0.0,0.0,,Y,N,N,N,N,N,N,N,N,N,Y,N,N,1,Y,0,0,0,No Discount,N,20071112,20071112,0,0.0,,N,0.0,0,No Tare,0.0,1,,
Grocery,775620311002,,gagan red chilli 100gm,,,2.49,0.0,N,N,N,N,--- No Supplier ---,No Group,No Deposit,0.0,0.0,,Y,N,N,N,N,N,N,N,N,N,Y,N,N,1,Y,0,0,0,No Discount,N,20071112,20071112,0,0.0,,N,0.0,0,No Tare,0.0,1,,
Grocery,756201134234,,gagan alsi seed 400gm,,,5.49,0.0,N,N,N,N,--- No Supplier ---,No Group,No Deposit,0.0,0.0,,Y,N,N,N,N,N,N,N,N,N,Y,N,N,1,Y,-2,0,0,No Discount,N,20071112,20071112,0,0.0,,N,0.0,0,No Tare,0.0,1,,
Grocery,775620112302,,gagan seasame seeds,,,2.49,0.0,N,N,N,N,--- No Supplier ---,No Group,No Deposit,0.0,0.0,,Y,N,N,N,N,N,N,N,N,N,Y,N,N,1,Y,-3,0,0,No Discount,N,20071112,20071112,0,0.0,,N,0.0,0,No Tare,0.0,1,,
Grocery,6291103750297,,mdh pav bhaji masala,,,2.75,0.0,N,N,N,N,--- No Supplier ---,No Group,No Deposit,0.0,0.0,,Y,N,N,N,N,N,N,N,N,N,Y,N,N,1,Y,0,0,0,No Discount,N,20071112,20071112,0,0.0,,N,0.0,0,No Tare,0.0,1,,
Grocery,8907137001813,,camphor poojawale 100gm,,,10.99,0.0,N,N,N,N,--- No Supplier ---,No Group,No Deposit,0.0,0.0,,Y,N,N,N,N,N,N,N,N,N,Y,N,N,1,Y,0,0,0,No Discount,N,20071112,20071112,0,0.0,,N,0.0,0,No Tare,0.0,1,,
Grocery,5022496101363,,dabur amla hair oil,,,7.99,0.0,N,N,N,N,--- No Supplier ---,No Group,No Deposit,0.0,0.0,,Y,N,N,N,N,N,N,N,N,N,Y,N,N,1,Y,-2,0,0,No Discount,N,20071112,20071112,0,0.0,,N,0.0,0,No Tare,0.0,1,,
Grocery,723246090870,,laxmi ginger garlic paste 680gm,,,5.99,0.0,N,N,N,N,--- No Supplier ---,No Group,No Deposit,0.0,0.0,,Y,N,N,N,N,N,N,N,N,N,Y,N,N,1,Y,-3,0,0,No Discount,N,20071112,20071112,0,0.0,,N,0.0,0,No Tare,0.0,1,,
Grocery,723246200750,,coconut powder 400gm,,,4.99,0.0,N,N,N,N,--- No Supplier ---,No Group,No Deposit,0.0,0.0,,Y,N,N,N,N,N,N,N,N,N,Y,N,N,1,Y,-3,0,0,No Discount,N,20071112,20071112,0,0.0,,N,0.0,0,No Tare,0.0,1,,
Grocery,5022496018760,,vatika red onion hair oil,,,8.99,0.0,N,N,N,N,--- No Supplier ---,No Group,No Deposit,0.0,0.0,,Y,N,N,N,N,N,N,N,N,N,Y,N,N,1,Y,-3,0,0,No Discount,N,20071112,20071112,0,0.0,,N,0.0,0,No Tare,0.0,1,,
Deli,5022496009874,,vatika shikakai shampoo,,,8.99,0.0,N,N,N,N,--- No Supplier ---,No Group,No Deposit,0.0,0.0,,Y,N,N,N,N,N,N,N,N,N,Y,N,N,1,Y,-5,0,0,No Discount,N,20071112,20071112,0,0.0,,N,0.0,0,No Tare,0.0,1,,
Grocery,5022496012676,,dabur chyawanprash 500gm,,,7.99,0.0,N,N,N,N,--- No Supplier ---,No Group,No Deposit,0.0,0.0,,Y,N,N,N,N,N,N,N,N,N,Y,N,N,1,Y,0,0,0,No Discount,N,20071112,20071112,0,0.0,,N,0.0,0,No Tare,0.0,1,,
Grocery,775620310708,,gagan ginger powder,,,2.99,0.0,N,N,N,N,--- No Supplier ---,No Group,No Deposit,0.0,0.0,,Y,N,N,N,N,N,N,N,N,N,Y,N,N,1,Y,0,0,0,No Discount,N,20071112,20071112,0,0.0,,N,0.0,0,No Tare,0.0,1,,
Grocery,723246184050,,light red kidney beans,,,6.25,0.0,N,N,N,N,--- No Supplier ---,No Group,No Deposit,0.0,0.0,,Y,N,N,N,N,N,N,N,N,N,Y,N,N,1,Y,-2,0,0,No Discount,N,20071112,20071112,0,0.0,,N,0.0,0,No Tare,0.0,1,,
Grocery,775620411009,,gagan baking powder,,,1.99,0.0,N,N,N,N,--- No Supplier ---,No Group,No Deposit,0.0,0.0,,Y,N,N,N,N,N,N,N,N,N,Y,N,N,1,Y,0,0,0,No Discount,N,20071112,20071112,0,0.0,,N,0.0,0,No Tare,0.0,1,,
Grocery,723246211244,,roasted split chickpeas,,,6.99,0.0,N,N,N,N,--- No Supplier ---,No Group,No Deposit,0.0,0.0,,Y,N,N,N,N,N,N,N,N,N,Y,N,N,1,Y,-3,0,0,No Discount,N,20071112,20071112,0,0.0,,N,0.0,0,No Tare,0.0,1,,
Grocery,723246170381,,laxmi peanuts 800gm,,,5.99,0.0,N,N,N,N,--- No Supplier ---,No Group,No Deposit,0.0,0.0,,Y,N,N,N,N,N,N,N,N,N,Y,N,N,1,Y,-5,0,0,No Discount,N,20071112,20071112,0,0.0,,N,0.0,0,No Tare,0.0,1,,
Grocery,7756201909750,,himalayan pink salt 1kg,,,3.99,0.0,N,N,N,N,--- No Supplier ---,No Group,No Deposit,0.0,0.0,,Y,N,N,N,N,N,N,N,N,N,Y,N,N,1,Y,-3,0,0,No Discount,N,20071112,20071112,0,0.0,,N,0.0,0,No Tare,0.0,1,,
Grocery,620514004051,,national pulao masala,,,2.49,0.0,N,N,N,N,--- No Supplier ---,No Group,No Deposit,0.0,0.0,,Y,N,N,N,N,N,N,N,N,N,Y,N,N,1,Y,0,0,0,No Discount,N,20071112,20071112,0,0.0,,N,0.0,0,No Tare,0.0,1,,
Grocery,723246288888,,laxmi seasme oil 2liter,,,21.5,15.75,N,N,N,N,--- No Supplier ---,No Group,No Deposit,0.0,0.0,,Y,N,N,N,N,N,N,N,N,N,Y,N,N,1,Y,-1,0,0,No Discount,N,20071112,20071112,0,0.0,,N,26.74,0,No Tare,15.75,1,,
Grocery,841905061716,,moms butter cookies,,,0.99,0.46,N,N,N,N,--- No Supplier ---,No Group,No Deposit,0.0,0.0,,Y,N,N,N,N,N,N,N,N,N,Y,N,N,1,Y,-21,0,0,No Discount,N,20071112,20071112,0,0.0,,N,53.54,0,No Tare,0.0,1,,
Grocery,723246176703,,Methi Seeds/Fenu greek 200gr,,,1.65,1.08,N,N,N,N,--- No Supplier ---,No Group,No Deposit,0.0,0.0,,Y,N,N,N,N,N,N,N,N,N,Y,N,N,1,Y,0,0,0,No Discount,N,20071112,20071112,0,0.0,,N,35.0,0,No Tare,0.0,1,,
Grocery,723246186634,,Whole chilli 400 gr,,,8.43,5.9,N,N,N,N,--- No Supplier ---,No Group,No Deposit,0.0,0.0,,Y,N,N,N,N,N,N,N,N,N,Y,N,N,1,Y,-2,0,0,No Discount,N,20071112,20071112,0,0.0,,N,31.0,0,No Tare,0.0,1,,
Grocery,8901441011018,,lizzath black pepper papad,,,2.49,0.0,N,N,N,N,--- No Supplier ---,No Group,No Deposit,0.0,0.0,,Y,N,N,N,N,N,N,N,N,N,Y,N,N,1,Y,-3,0,0,No Discount,N,20071112,20071112,0,0.0,,Y,0.0,0,No Tare,0.0,1,,
Grocery,723246265988,,laxmi castor oil @ishta,,,6.4,0.0,N,N,N,N,--- No Supplier ---,No Group,No Deposit,0.0,0.0,,Y,N,N,N,N,N,N,N,N,N,Y,N,N,1,Y,0,0,0,No Discount,N,20071112,20071112,0,0.0,,N,0.0,0,No Tare,0.0,1,,
Grocery,8906147050446,,deccan organic sona masoori,,,25.99,0.0,N,N,N,N,--- No Supplier ---,No Group,No Deposit,0.0,0.0,,Y,N,N,N,N,N,N,N,N,N,Y,N,N,1,Y,-3,0,0,No Discount,N,20071112,20071112,0,0.0,,Y,0.0,0,No Tare,0.0,1,,
Grocery,8906147052747,,deccan soma masoori,,,24.99,0.0,N,N,N,N,--- No Supplier ---,No Group,No Deposit,0.0,0.0,,Y,N,N,N,N,N,N,N,N,N,Y,N,N,1,Y,-5,0,0,No Discount,N,20071112,20071112,0,0.0,,Y,0.0,0,No Tare,0.0,1,,
Grocery,793591862460,,peri peri banana chips,,,2.49,0.0,Y,N,N,N,--- No Supplier ---,No Group,No Deposit,0.0,0.0,,Y,N,N,N,N,N,N,N,N,N,Y,N,N,1,Y,-8,0,0,No Discount,N,20071112,20071112,0,0.0,,N,0.0,0,No Tare,0.0,1,,
Grocery,8906009073880,,unibic butter cookie,,,0.6,0.0,N,N,N,N,--- No Supplier ---,No Group,No Deposit,0.0,0.0,,Y,N,N,N,N,N,N,N,N,N,Y,N,N,1,Y,-3,0,0,No Discount,N,20071112,20071112,0,0.0,,Y,0.0,0,No Tare,0.0,1,,
Grocery,8901491100533,,kurkure chilli chatka,,,1.49,0.0,N,N,N,N,--- No Supplier ---,No Group,No Deposit,0.0,0.0,,Y,N,N,N,N,N,N,N,N,N,Y,N,N,1,Y,-19,0,0,No Discount,N,20071112,20071112,0,0.0,,Y,0.0,0,No Tare,0.0,1,,
Grocery,8904430100083,,garam masala whole 400g,,,8.99,0.0,N,N,N,N,--- No Supplier ---,No Group,No Deposit,0.0,0.0,,Y,N,N,N,N,N,N,N,N,N,Y,N,N,1,Y,-1,0,0,No Discount,N,20071112,20071112,0,0.0,,Y,0.0,0,No Tare,0.0,1,,
Grocery,648564231593,,onion palli chekkalu,,,3.99,0.0,N,N,N,N,--- No Supplier ---,No Group,No Deposit,0.0,0.0,,Y,N,N,N,N,N,N,N,N,N,Y,N,N,1,Y,-6,0,0,No Discount,N,20071112,20071112,0,0.0,,Y,0.0,0,No Tare,0.0,1,,
Grocery,060410054406,,dorito nacho cheese,,,3.99,0.0,N,N,N,N,--- No Supplier ---,No Group,No Deposit,0.0,0.0,,Y,N,N,N,N,N,N,N,N,N,Y,N,N,1,Y,-5,0,0,No Discount,N,20071112,20071112,0,0.0,,Y,0.0,0,No Tare,0.0,1,,
Grocery,060410054420,,dorito sweet chili heat,,,3.99,0.0,N,N,N,N,--- No Supplier ---,No Group,No Deposit,0.0,0.0,,Y,N,N,N,N,N,N,N,N,N,Y,N,N,1,Y,-3,0,0,No Discount,N,20071112,20071112,0,0.0,,Y,0.0,0,No Tare,0.0,1,,
Grocery,8901063151376,,good day pista-almond,,,4.99,0.0,N,N,N,N,--- No Supplier ---,No Group,No Deposit,0.0,0.0,,Y,N,N,N,N,N,N,N,N,N,Y,N,N,1,Y,-1,0,0,No Discount,N,20071112,20071112,0,0.0,,Y,0.0,0,No Tare,0.0,1,,
Deli,063111109543,,rogers berry sugar 1kg,,,4.99,0.0,N,N,N,N,--- No Supplier ---,No Group,No Deposit,0.0,0.0,,Y,N,N,N,N,N,N,N,N,N,Y,N,N,1,Y,-1,0,0,No Discount,N,20071112,20071112,0,0.0,,N,0.0,0,No Tare,0.0,1,,
Frozen,884282012995,,verka kulfi ice cream,,,9.99,0.0,N,N,N,N,--- No Supplier ---,No Group,No Deposit,0.0,0.0,,Y,N,N,N,N,N,N,N,N,N,Y,N,N,1,Y,-5,0,0,No Discount,N,20071112,20071112,0,0.0,,Y,0.0,0,No Tare,0.0,1,,
Grocery,723246287997,,laxmi peanut oil cold pressed 5L,,,41.99,0.0,N,N,Y,N,--- No Supplier ---,No Group,No Deposit,0.0,0.0,,Y,N,N,N,N,N,N,N,N,N,Y,N,N,1,Y,-9,0,0,No Discount,N,20071112,20071112,0,0.0,,Y,0.0,0,No Tare,0.0,1,,
Grocery,060383992521,,sour cream and onion noname,,,2.99,0.0,Y,N,N,N,--- No Supplier ---,No Group,No Deposit,0.0,0.0,,Y,N,N,N,N,N,N,N,N,N,Y,N,N,1,Y,-1,0,0,No Discount,N,20071112,20071112,0,0.0,,N,0.0,0,No Tare,0.0,1,,
Grocery,060383992491,,saveur ketchup potato chips,,,2.99,0.0,Y,N,N,N,--- No Supplier ---,No Group,No Deposit,0.0,0.0,,Y,N,N,N,N,N,N,N,N,N,Y,N,N,1,Y,-1,0,0,No Discount,N,20071112,20071112,0,0.0,,N,0.0,0,No Tare,0.0,1,,
Grocery,030772127100,,charmin bathroom tissue 6 pack,,,9.0,0.0,Y,N,N,N,--- No Supplier ---,No Group,No Deposit,0.0,0.0,,Y,N,N,N,N,N,N,N,N,N,Y,N,N,1,Y,-3,0,0,No Discount,N,20071112,20071112,0,0.0,,N,0.0,0,No Tare,0.0,1,,
cosmetic,8906021126311,,Aachi chilli Chickeen Masala 160gr,,,4.25,0.0,N,N,N,N,--- No Supplier ---,No Group,No Deposit,0.0,0.0,,Y,N,N,N,N,N,N,N,N,N,Y,N,N,1,Y,7,0,0,No Discount,N,20071112,20071112,0,0.0,,N,0.0,0,No Tare,0.0,1,,
cosmetic,8906021124706,,Aachi Meat Masala 160gr,,,3.99,0.0,N,N,N,N,--- No Supplier ---,No Group,No Deposit,0.0,0.0,,Y,N,N,N,N,N,N,N,N,N,Y,N,N,1,Y,13,0,0,No Discount,N,20071112,20071112,0,0.0,,N,0.0,0,No Tare,0.0,1,,
cosmetic,018,,Amma's Kitchen sona masoori rice 40lb,,,42.0,0.0,N,N,N,N,--- No Supplier ---,No Group,No Deposit,0.0,0.0,,Y,N,N,N,N,N,N,N,N,N,Y,N,N,1,Y,5,0,0,No Discount,N,20071112,20071112,0,0.0,ea,N,0.0,0,No Tare,0.0,1,,
Grocery,723246285795,,LAXMI EXTRA LONG BASMATI RICE 40LB,,,49.99,0.0,N,N,N,N,--- No Supplier ---,No Group,No Deposit,0.0,0.0,,Y,N,N,N,N,N,N,N,N,N,Y,N,N,1,Y,-2,0,0,No Discount,N,20071112,20071112,0,0.0,,N,0.0,0,No Tare,0.0,1,,
Grocery,723246289076,,LAXMI EXTRA LONG BASMATI RICE 20LB,,,25.99,0.0,N,N,N,N,--- No Supplier ---,No Group,No Deposit,0.0,0.0,,Y,N,N,N,N,N,N,N,N,N,Y,N,N,1,Y,-6,0,0,No Discount,N,20071112,20071112,0,0.0,,N,0.0,0,No Tare,0.0,1,,
Grocery,723246289670,,LAXMI IDLI RAVA 4LB,,,6.99,0.0,Y,N,N,N,--- No Supplier ---,No Group,No Deposit,0.0,0.0,,Y,N,N,N,N,N,N,N,N,N,Y,N,N,1,Y,-13,0,0,No Discount,N,20071112,20071112,0,0.0,,N,0.0,0,No Tare,0.0,1,,
cosmetic,723246285757,,LAKSHMI FRIED ONIONS,,,4.99,0.0,N,N,N,N,--- No Supplier ---,No Group,No Deposit,0.0,0.0,,Y,N,N,N,N,N,N,N,N,N,Y,N,N,1,Y,-4,0,0,No Discount,N,20071112,20071112,0,0.0,,N,0.0,0,No Tare,0.0,1,,
Grocery,8906166086853,,INGRANO ALMOND COOKIES,,,3.99,0.0,Y,N,N,N,--- No Supplier ---,No Group,No Deposit,0.0,0.0,,Y,N,N,N,N,N,N,N,N,N,Y,N,N,1,Y,-2,0,0,No Discount,N,20071112,20071112,0,0.0,,N,0.0,0,No Tare,0.0,1,,
Grocery,8906166086877,,INGRANO OAT COOKIES,,,3.99,0.0,Y,N,N,N,--- No Supplier ---,No Group,No Deposit,0.0,0.0,,Y,N,N,N,N,N,N,N,N,N,Y,N,N,1,Y,0,0,0,No Discount,N,20071112,20071112,0,0.0,,N,0.0,0,No Tare,0.0,1,,
Grocery,839423000355,,SAMRAT KHATTA MITHA MIX,,,3.99,0.0,Y,N,N,N,--- No Supplier ---,No Group,No Deposit,0.0,0.0,,Y,N,N,N,N,N,N,N,N,N,Y,N,N,1,Y,-2,0,0,No Discount,N,20071112,20071112,0,0.0,,N,0.0,0,No Tare,0.0,1,,
Grocery,8082637070122,,INGRANO MAKKI KA ATTA,,,4.29,0.0,N,N,N,N,--- No Supplier ---,No Group,No Deposit,0.0,0.0,,Y,N,N,N,N,N,N,N,N,N,Y,N,N,1,Y,-3,0,0,No Discount,N,20071112,20071112,0,0.0,,Y,0.0,0,No Tare,0.0,1,,
Grocery,839423004049,,SAMRAT KELA WAFER MARI,,,5.49,0.0,Y,N,N,N,--- No Supplier ---,No Group,No Deposit,0.0,0.0,,Y,N,N,N,N,N,N,N,N,N,Y,N,N,1,Y,-2,0,0,No Discount,N,20071112,20071112,0,0.0,,N,0.0,0,No Tare,0.0,1,,
Grocery,839423004148,,SAMRAT KELA WAFER MASALA,,,5.49,0.0,Y,N,N,N,--- No Supplier ---,No Group,No Deposit,0.0,0.0,,Y,N,N,N,N,N,N,N,N,N,Y,N,N,1,Y,-3,0,0,No Discount,N,20071112,20071112,0,0.0,,N,0.0,0,No Tare,0.0,1,,
Grocery,8906166084125,,INGRANO CURRY POWDER,,,3.49,0.0,Y,N,N,N,--- No Supplier ---,No Group,No Deposit,0.0,0.0,,Y,N,N,N,N,N,N,N,N,N,Y,N,N,1,Y,0,0,0,No Discount,N,20071112,20071112,0,0.0,,N,0.0,0,No Tare,0.0,1,,
Grocery,8906166083890,,INGRANO FENNEL SEEDS,,,3.49,0.0,Y,N,N,N,--- No Supplier ---,No Group,No Deposit,0.0,0.0,,Y,N,N,N,N,N,N,N,N,N,Y,N,N,1,Y,-3,0,0,No Discount,N,20071112,20071112,0,0.0,,N,0.0,0,No Tare,0.0,1,,
Grocery,8906166084170,,INGRANO KASHMIRI CHILLI WHOLE,,,5.99,0.0,Y,N,N,N,--- No Supplier ---,No Group,No Deposit,0.0,0.0,,Y,N,N,N,N,N,N,N,N,N,Y,N,N,1,Y,-3,0,0,No Discount,N,20071112,20071112,0,0.0,,N,0.0,0,No Tare,0.0,1,,
Grocery,8906166084156,,INGRANO MUSTARD SEEDS,,,1.99,0.0,Y,N,N,N,--- No Supplier ---,No Group,No Deposit,0.0,0.0,,Y,N,N,N,N,N,N,N,N,N,Y,N,N,1,Y,-4,0,0,No Discount,N,20071112,20071112,0,0.0,,N,0.0,0,No Tare,0.0,1,,
Grocery,8906166082282,,INGRANO PANEER TIKKA MASALA,,,3.49,0.0,N,N,N,N,--- No Supplier ---,No Group,No Deposit,0.0,0.0,,Y,N,N,N,N,N,N,N,N,N,Y,N,N,1,Y,0,0,0,No Discount,N,20071112,20071112,0,0.0,,Y,0.0,0,No Tare,0.0,1,,
Grocery,8906166082220,,INGRANO MASALA KHICHIDI,,,3.49,0.0,N,N,N,N,--- No Supplier ---,No Group,No Deposit,0.0,0.0,,Y,N,N,N,N,N,N,N,N,N,Y,N,N,1,Y,0,0,0,No Discount,N,20071112,20071112,0,0.0,,Y,0.0,0,No Tare,0.0,1,,
Grocery,8906166084538,,INGRANO BARNYARD MILLETS,,,4.49,0.0,Y,N,N,N,--- No Supplier ---,No Group,No Deposit,0.0,0.0,,Y,N,N,N,N,N,N,N,N,N,Y,N,N,1,Y,0,0,0,No Discount,N,20071112,20071112,0,0.0,,N,0.0,0,No Tare,0.0,1,,
Grocery,8906166084521,,INGRANO BROWN TOP MILLETS,,,4.49,0.0,Y,N,N,N,--- No Supplier ---,No Group,No Deposit,0.0,0.0,,Y,N,N,N,N,N,N,N,N,N,Y,N,N,1,Y,-1,0,0,No Discount,N,20071112,20071112,0,0.0,,N,0.0,0,No Tare,0.0,1,,
Grocery,8906166084514,,INGRANO PROSO MILLETS,,,4.49,0.0,Y,N,N,N,--- No Supplier ---,No Group,No Deposit,0.0,0.0,,Y,N,N,N,N,N,N,N,N,N,Y,N,N,1,Y,0,0,0,No Discount,N,20071112,20071112,0,0.0,,N,0.0,0,No Tare,0.0,1,,
Grocery,8906166084552,,INGRANO FOXTAIL MILLETS,,,4.49,0.0,Y,N,N,N,--- No Supplier ---,No Group,No Deposit,0.0,0.0,,Y,N,N,N,N,N,N,N,N,N,Y,N,N,1,Y,-1,0,0,No Discount,N,20071112,20071112,0,0.0,,N,0.0,0,No Tare,0.0,1,,
Grocery,8906166084507,,INGRANO LITTLE MILLET,,,4.49,0.0,Y,N,N,N,--- No Supplier ---,No Group,No Deposit,0.0,0.0,,Y,N,N,N,N,N,N,N,N,N,Y,N,N,1,Y,0,0,0,No Discount,N,20071112,20071112,0,0.0,,N,0.0,0,No Tare,0.0,1,,
Grocery,8906166084545,,INGRANO KODO MILLET,,,4.49,0.0,Y,N,N,N,--- No Supplier ---,No Group,No Deposit,0.0,0.0,,Y,N,N,N,N,N,N,N,N,N,Y,N,N,1,Y,-1,0,0,No Discount,N,20071112,20071112,0,0.0,,N,0.0,0,No Tare,0.0,1,,
cosmetic,8906166086143,,INGRANO MILLET BHAKRI RAGI,,,2.99,0.0,N,N,N,N,--- No Supplier ---,No Group,No Deposit,0.0,0.0,,Y,N,N,N,N,N,N,N,N,N,Y,N,N,1,Y,-2,0,0,No Discount,N,20071112,20071112,0,0.0,,Y,0.0,0,No Tare,0.0,1,,
cosmetic,8906166086150,,INGRANO BAJRA METHI,,,2.99,0.0,N,N,N,N,--- No Supplier ---,No Group,No Deposit,0.0,0.0,,Y,N,N,N,N,N,N,N,N,N,Y,N,N,1,Y,-1,0,0,No Discount,N,20071112,20071112,0,0.0,,Y,0.0,0,No Tare,0.0,1,,
cosmetic,8906166087232,,INGRANO TANDOORI PANEER SANDWICH,,,4.99,0.0,N,N,N,N,--- No Supplier ---,No Group,No Deposit,0.0,0.0,,Y,N,N,N,N,N,N,N,N,N,Y,N,N,1,Y,-4,0,0,No Discount,N,20071112,20071112,0,0.0,,Y,0.0,0,No Tare,0.0,1,,
Frozen,8906166082459,,INGRANO HARA BHARA KABAB,,,3.49,0.0,N,N,N,N,--- No Supplier ---,No Group,No Deposit,0.0,0.0,,Y,N,N,N,N,N,N,N,N,N,Y,N,N,1,Y,-2,0,0,No Discount,N,20071112,20071112,0,0.0,,Y,0.0,0,No Tare,0.0,1,,
Frozen,8906166086969,,INGRANO BOMBAY VADA TIKKI,,,5.99,0.0,N,N,N,N,--- No Supplier ---,No Group,No Deposit,0.0,0.0,,Y,N,N,N,N,N,N,N,N,N,Y,N,N,1,Y,-3,0,0,No Discount,N,20071112,20071112,0,0.0,,Y,0.0,0,No Tare,0.0,1,,
Frozen,8906166082374,,INGRANO METHI THEPLA,,,2.99,0.0,N,N,N,N,--- No Supplier ---,No Group,No Deposit,0.0,0.0,,Y,N,N,N,N,N,N,N,N,N,Y,N,N,1,Y,-5,0,0,No Discount,N,20071112,20071112,0,0.0,,Y,0.0,0,No Tare,0.0,1,,
Frozen,8906166082565,,INGRANO CHILLI PANEER FRANKIE,,,4.99,0.0,N,N,N,N,--- No Supplier ---,No Group,No Deposit,0.0,0.0,,Y,N,N,N,N,N,N,N,N,N,Y,N,N,1,Y,-13,0,0,No Discount,N,20071112,20071112,0,0.0,,Y,0.0,0,No Tare,0.0,1,,
Frozen,8906166082411,,INGRANO GARLIC NAAN,,,2.99,0.0,N,N,N,N,--- No Supplier ---,No Group,No Deposit,0.0,0.0,,Y,N,N,N,N,N,N,N,N,N,Y,N,N,1,Y,-6,0,0,No Discount,N,20071112,20071112,0,0.0,,Y,0.0,0,No Tare,0.0,1,,
Frozen,8906166086839,,INGRANO AMERICAN GARDEN PIZZA,,,4.99,0.0,N,N,N,N,--- No Supplier ---,No Group,No Deposit,0.0,0.0,,Y,N,N,N,N,N,N,N,N,N,Y,N,N,1,Y,-5,0,0,No Discount,N,20071112,20071112,0,0.0,,Y,0.0,0,No Tare,0.0,1,,
Frozen,8906166087010,,INGRANO PATTI CHEESE CORN SAMOSA,,,7.99,0.0,N,N,N,N,--- No Supplier ---,No Group,No Deposit,0.0,0.0,,Y,N,N,N,N,N,N,N,N,N,Y,N,N,1,Y,-6,0,0,No Discount,N,20071112,20071112,0,0.0,,Y,0.0,0,No Tare,0.0,1,,
Frozen,8906166082329,,INGRANO ALOO PARATHA,,,2.99,0.0,N,N,N,N,--- No Supplier ---,No Group,No Deposit,0.0,0.0,,Y,N,N,N,N,N,N,N,N,N,Y,N,N,1,Y,-12,0,0,No Discount,N,20071112,20071112,0,0.0,,Y,0.0,0,No Tare,0.0,1,,
Grocery,723246115108,,LAKSHMI PONNI BOILED RICE,,,25.99,0.0,N,N,N,N,--- No Supplier ---,No Group,No Deposit,0.0,0.0,,Y,N,N,N,N,N,N,N,N,N,Y,N,N,1,Y,-6,0,0,No Discount,N,20071112,20071112,0,0.0,,Y,0.0,0,No Tare,0.0,1,,
Grocery,723246115115,,LAKSHMI PONNI RAW RICE,,,24.99,0.0,N,N,N,N,--- No Supplier ---,No Group,No Deposit,0.0,0.0,,Y,N,N,N,N,N,N,N,N,N,Y,N,N,1,Y,-2,0,0,No Discount,N,20071112,20071112,0,0.0,,Y,0.0,0,No Tare,0.0,1,,
Grocery,723246200163,,AMMA'S BANANA CHIPS,,,5.99,0.0,N,N,N,N,--- No Supplier ---,No Group,No Deposit,0.0,0.0,,Y,N,N,N,N,N,N,N,N,N,Y,N,N,1,Y,-5,0,0,No Discount,N,20071112,20071112,0,0.0,,Y,0.0,0,No Tare,0.0,1,,
cosmetic,4059212998087,,TITAN PARCHMENT PAPER,,,4.99,0.0,N,N,N,N,--- No Supplier ---,No Group,No Deposit,0.0,0.0,,Y,N,N,N,N,N,N,N,N,N,Y,N,N,1,Y,0,0,0,No Discount,N,20071112,20071112,0,0.0,,N,0.0,0,No Tare,0.0,1,,
cosmetic,055000210836,,NESCAFE SWEET N CREAMY,,,7.49,0.0,N,N,N,N,--- No Supplier ---,No Group,No Deposit,0.0,0.0,,Y,N,N,N,N,N,N,N,N,N,Y,N,N,1,Y,-1,0,0,No Discount,N,20071112,20071112,0,0.0,,N,0.0,0,No Tare,0.0,1,,
cosmetic,055000710626,,NESCAFE SWEET N CREAMY,,,7.49,0.0,N,N,N,N,--- No Supplier ---,No Group,No Deposit,0.0,0.0,,Y,N,N,N,N,N,N,N,N,N,Y,N,N,1,Y,-1,0,0,No Discount,N,20071112,20071112,0,0.0,,N,0.0,0,No Tare,0.0,1,,
cosmetic,067000013751,,Fanta straberry 500ml,,,2.85,0.0,Y,N,N,N,--- No Supplier ---,No Group,No Deposit,0.0,0.0,,Y,N,N,N,N,N,N,N,N,N,Y,N,N,1,Y,-6,0,0,No Discount,N,20071112,20071112,0,0.0,,N,0.0,0,No Tare,0.0,1,,
cosmetic,723246291772,,jumbo punjabi samosa,,,19.99,0.0,Y,N,N,N,--- No Supplier ---,No Group,No Deposit,0.0,0.0,,Y,N,N,N,N,N,N,N,N,N,Y,N,N,1,Y,0,0,0,No Discount,N,20071112,20071112,0,0.0,,N,0.0,0,No Tare,0.0,1,,
cosmetic,723246289588,,khaman dhokla steamed cakes,,,4.49,0.0,N,N,N,N,--- No Supplier ---,No Group,No Deposit,0.0,0.0,,Y,N,N,N,N,N,N,N,N,N,Y,N,N,1,Y,-3,0,0,No Discount,N,20071112,20071112,0,0.0,,N,0.0,0,No Tare,0.0,1,,
cosmetic,7756201905899,,gagan ragi flour 2lbs,,,5.99,0.0,N,N,N,N,--- No Supplier ---,No Group,No Deposit,0.0,0.0,,Y,N,N,N,N,N,N,N,N,N,Y,N,N,1,Y,-2,0,0,No Discount,N,20071112,20071112,0,0.0,,N,0.0,0,No Tare,0.0,1,,
Grocery,775620310159,,gagan black salt powder,,,1.99,0.0,N,N,N,N,--- No Supplier ---,No Group,No Deposit,0.0,0.0,,Y,N,N,N,N,N,N,N,N,N,Y,N,N,1,Y,-2,0,0,No Discount,N,20071112,20071112,0,0.0,,N,0.0,0,No Tare,0.0,1,,
Grocery,6291103750174,,MDH hyderabadi biryani masala,,,3.49,0.0,N,N,N,N,--- No Supplier ---,No Group,No Deposit,0.0,0.0,,Y,N,N,N,N,N,N,N,N,N,Y,N,N,1,Y,-3,0,0,No Discount,N,20071112,20071112,0,0.0,,N,0.0,0,No Tare,0.0,1,,
Grocery,6291103750044,,MDH bombay biryani masala,,,3.49,0.0,N,N,N,N,--- No Supplier ---,No Group,No Deposit,0.0,0.0,,Y,N,N,N,N,N,N,N,N,N,Y,N,N,1,Y,0,0,0,No Discount,N,20071112,20071112,0,0.0,,N,0.0,0,No Tare,0.0,1,,
Grocery,6291103750037,,MDH baingan bhartaa masala,,,2.75,0.0,N,N,N,N,--- No Supplier ---,No Group,No Deposit,0.0,0.0,,Y,N,N,N,N,N,N,N,N,N,Y,N,N,1,Y,0,0,0,No Discount,N,20071112,20071112,0,0.0,,N,0.0,0,No Tare,0.0,1,,
Grocery,6291103750099,,MDH chunky chat masala,,,2.75,0.0,N,N,N,N,--- No Supplier ---,No Group,No Deposit,0.0,0.0,,Y,N,N,N,N,N,N,N,N,N,Y,N,N,1,Y,-2,0,0,No Discount,N,20071112,20071112,0,0.0,,N,0.0,0,No Tare,0.0,1,,
Grocery,6291103750372,,MDH tava fry masala,,,2.75,0.0,N,N,N,N,--- No Supplier ---,No Group,No Deposit,0.0,0.0,,Y,N,N,N,N,N,N,N,N,N,Y,N,N,1,Y,0,0,0,No Discount,N,20071112,20071112,0,0.0,,N,0.0,0,No Tare,0.0,1,,
Grocery,8901491103084,,kurkure green chutney,,,1.25,0.0,Y,N,N,N,--- No Supplier ---,No Group,No Deposit,0.0,0.0,,Y,N,N,N,N,N,N,N,N,N,Y,N,N,1,Y,-20,0,0,No Discount,N,20071112,20071112,0,0.0,,N,0.0,0,No Tare,0.0,1,,
Grocery,6291103750280,,MDH pani puri masala,,,2.49,0.0,N,N,N,N,--- No Supplier ---,No Group,No Deposit,0.0,0.0,,Y,N,N,N,N,N,N,N,N,N,Y,N,N,1,Y,0,0,0,No Discount,N,20071112,20071112,0,0.0,,N,0.0,0,No Tare,0.0,1,,
Deli,5022496010252,,vatika hair colour burgundy,,,6.99,0.0,Y,N,N,N,--- No Supplier ---,No Group,No Deposit,0.0,0.0,,Y,N,N,N,N,N,N,N,N,N,Y,N,N,1,Y,0,0,0,No Discount,N,20071112,20071112,0,0.0,,N,0.0,0,No Tare,0.0,1,,
Grocery,8901595972241,,chings veg manchurian masala,,,2.49,0.0,N,N,N,N,--- No Supplier ---,No Group,No Deposit,0.0,0.0,,Y,N,N,N,N,N,N,N,N,N,Y,N,N,1,Y,0,0,0,No Discount,N,20071112,20071112,0,0.0,,N,0.0,0,No Tare,0.0,1,,
Grocery,620514015293,,National chicken 65,,,2.49,0.0,N,N,N,N,--- No Supplier ---,No Group,No Deposit,0.0,0.0,,Y,N,N,N,N,N,N,N,N,N,Y,N,N,1,Y,0,0,0,No Discount,N,20071112,20071112,0,0.0,,N,0.0,0,No Tare,0.0,1,,
Grocery,620514004044,,national chicken tandoori,,,2.49,0.0,N,N,N,N,--- No Supplier ---,No Group,No Deposit,0.0,0.0,,Y,N,N,N,N,N,N,N,N,N,Y,N,N,1,Y,0,0,0,No Discount,N,20071112,20071112,0,0.0,,N,0.0,0,No Tare,0.0,1,,
Grocery,620514000480,,national delhi nihari,,,2.49,0.0,N,N,N,N,--- No Supplier ---,No Group,No Deposit,0.0,0.0,,Y,N,N,N,N,N,N,N,N,N,Y,N,N,1,Y,0,0,0,No Discount,N,20071112,20071112,0,0.0,,N,0.0,0,No Tare,0.0,1,,
cosmetic,723246177625,,laxmi whole cloves 200gm,,,7.99,0.0,N,N,N,N,--- No Supplier ---,No Group,No Deposit,0.0,0.0,,Y,N,N,N,N,N,N,N,N,N,Y,N,N,1,Y,-5,0,0,No Discount,N,20071112,20071112,0,0.0,,N,0.0,0,No Tare,0.0,1,,
Grocery,723246286464,,meharban mango juice,,,2.49,0.0,Y,N,N,N,--- No Supplier ---,No Group,No Deposit,0.0,0.0,,Y,N,N,N,N,N,N,N,N,N,Y,N,N,1,Y,-6,0,0,No Discount,N,20071112,20071112,0,0.0,,N,0.0,0,No Tare,0.0,1,,
Grocery,723246131399,,all purpose flour 2lb,,,3.99,0.0,N,N,N,N,--- No Supplier ---,No Group,No Deposit,0.0,0.0,,Y,N,N,N,N,N,N,N,N,N,Y,N,N,1,Y,-9,0,0,No Discount,N,20071112,20071112,0,0.0,,N,0.0,0,No Tare,0.0,1,,
Grocery,723246170015,,laxmi almonds 400gm,,,8.49,0.0,N,N,N,N,--- No Supplier ---,No Group,No Deposit,0.0,0.0,,Y,N,N,N,N,N,N,N,N,N,Y,N,N,1,Y,-4,0,0,No Discount,N,20071112,20071112,0,0.0,,N,0.0,0,No Tare,0.0,1,,
Grocery,723246288796,,spicy bhel mix 737gm,,,7.99,0.0,N,N,N,N,--- No Supplier ---,No Group,No Deposit,0.0,0.0,,Y,N,N,N,N,N,N,N,N,N,Y,N,N,1,Y,-7,0,0,No Discount,N,20071112,20071112,0,0.0,,N,0.0,0,No Tare,0.0,1,,
Grocery,723246172224,,golden raisins 400gm,,,6.49,0.0,N,N,N,N,--- No Supplier ---,No Group,No Deposit,0.0,0.0,,Y,N,N,N,N,N,N,N,N,N,Y,N,N,1,Y,-8,0,0,No Discount,N,20071112,20071112,0,0.0,,N,0.0,0,No Tare,0.0,1,,
Grocery,723246115214,,laxmi idly rice 20lb,,,21.99,0.0,N,N,N,N,--- No Supplier ---,No Group,No Deposit,0.0,0.0,,Y,N,N,N,N,N,N,N,N,N,Y,N,N,1,Y,-20,0,0,No Discount,N,20071112,20071112,0,0.0,,N,0.0,0,No Tare,0.0,1,,
Frozen,8901777002865,,green peas tuver liva,,,4.49,0.0,N,N,N,N,--- No Supplier ---,No Group,No Deposit,0.0,0.0,,Y,N,N,N,N,N,N,N,N,N,Y,N,N,1,Y,-10,0,0,No Discount,N,20071112,20071112,0,0.0,,N,0.0,0,No Tare,0.0,1,,
Grocery,723246290621,,amma's kitchen sona masoori rice 40lb,,,41.99,0.0,Y,N,N,N,--- No Supplier ---,No Group,No Deposit,0.0,0.0,,Y,N,N,N,N,N,N,N,N,N,Y,N,N,1,Y,-10,0,0,No Discount,N,20071112,20071112,0,0.0,,N,0.0,0,No Tare,0.0,1,,
Deli,626027814071,,EARTH'S OWN OATMILK,,,6.49,0.0,Y,N,N,N,--- No Supplier ---,No Group,No Deposit,0.0,0.0,,Y,N,N,N,N,N,N,N,N,N,Y,N,N,1,Y,-2,0,0,No Discount,N,20071112,20071112,0,0.0,,N,0.0,0,No Tare,0.0,1,,
Grocery,060383047160,,KETTLE COOKED JALAPENO CHIPS,,,3.99,0.0,N,N,N,N,--- No Supplier ---,No Group,No Deposit,0.0,0.0,,Y,N,N,N,N,N,N,N,N,N,Y,N,N,1,Y,-2,0,0,No Discount,N,20071112,20071112,0,0.0,,Y,0.0,0,No Tare,0.0,1,,
Grocery,8906133640897,,DOSA BATTER ANNAPURNA,,,7.49,0.0,N,N,N,N,--- No Supplier ---,No Group,No Deposit,0.0,0.0,,Y,N,N,N,N,N,N,N,N,N,Y,N,N,1,Y,-9,0,0,No Discount,N,20071112,20071112,0,0.0,,Y,0.0,0,No Tare,0.0,1,,
Grocery,723246183657,,LAKSHMI URAD WHOLE 3.69KG,,,17.99,0.0,N,N,N,N,--- No Supplier ---,No Group,No Deposit,0.0,0.0,,Y,N,N,N,N,N,N,N,N,N,Y,N,N,1,Y,0,0,0,No Discount,N,20071112,20071112,0,0.0,,Y,0.0,0,No Tare,0.0,1,,
Grocery,723246283500,,Lakshmi PEANUTS 1.59KG,,,11.99,0.0,N,N,N,N,--- No Supplier ---,No Group,No Deposit,0.0,0.0,,Y,N,N,N,N,N,N,N,N,N,Y,N,N,1,Y,-21,0,0,No Discount,N,20071112,20071112,0,0.0,,Y,0.0,0,No Tare,0.0,1,,
Frozen,8906005509857,,bikaji burger patty,,,6.99,0.0,Y,N,N,N,--- No Supplier ---,No Group,No Deposit,0.0,0.0,,Y,N,N,N,N,N,N,N,N,N,Y,N,N,1,Y,-1,0,0,No Discount,N,20071112,20071112,0,0.0,,N,0.0,0,No Tare,0.0,1,,
Grocery,8906000592052,,maharani diabetic rice 10lbs,,,16.99,0.0,Y,N,N,N,--- No Supplier ---,No Group,No Deposit,0.0,0.0,,Y,N,N,N,N,N,N,N,N,N,Y,N,N,1,Y,-4,0,0,No Discount,N,20071112,20071112,0,0.0,,N,0.0,0,No Tare,0.0,1,,
Grocery,884282002965,,mixed fruit jam verka,,,4.49,0.0,Y,N,N,N,--- No Supplier ---,No Group,No Deposit,0.0,0.0,,Y,N,N,N,N,N,N,N,N,N,Y,N,N,1,Y,-1,0,0,No Discount,N,20071112,20071112,0,0.0,,N,0.0,0,No Tare,0.0,1,,
Grocery,884282100180,,verka green chutney,,,4.49,0.0,Y,N,N,N,--- No Supplier ---,No Group,No Deposit,0.0,0.0,,Y,N,N,N,N,N,N,N,N,N,Y,N,N,1,Y,0,0,0,No Discount,N,20071112,20071112,0,0.0,,N,0.0,0,No Tare,0.0,1,,
Grocery,8901155422315,,gits ready punjabi chole,,,3.49,0.0,Y,N,N,N,--- No Supplier ---,No Group,No Deposit,0.0,0.0,,Y,N,N,N,N,N,N,N,N,N,Y,N,N,1,Y,0,0,0,No Discount,N,20071112,20071112,0,0.0,,N,0.0,0,No Tare,0.0,1,,
Grocery,8901155413313,,paneer tikka masala heat and eat,,,3.99,0.0,Y,N,N,N,--- No Supplier ---,No Group,No Deposit,0.0,0.0,,Y,N,N,N,N,N,N,N,N,N,Y,N,N,1,Y,-1,0,0,No Discount,N,20071112,20071112,0,0.0,,N,0.0,0,No Tare,0.0,1,,
Frozen,884282100142,,veerka ginger garlic paste,,,7.99,0.0,Y,N,N,N,--- No Supplier ---,No Group,No Deposit,0.0,0.0,,Y,N,N,N,N,N,N,N,N,N,Y,N,N,1,Y,-4,0,0,No Discount,N,20071112,20071112,0,0.0,,N,0.0,0,No Tare,0.0,1,,
Grocery,8906032018834,,nutrela soya mini chunks,,,3.49,0.0,Y,N,N,N,--- No Supplier ---,No Group,No Deposit,0.0,0.0,,Y,N,N,N,N,N,N,N,N,N,Y,N,N,1,Y,-5,0,0,No Discount,N,20071112,20071112,0,0.0,,N,0.0,0,No Tare,0.0,1,,
cosmetic,8906032018841,,nutrela soya granules,,,3.49,0.0,Y,N,N,N,--- No Supplier ---,No Group,No Deposit,0.0,0.0,,Y,N,N,N,N,N,N,N,N,N,Y,N,N,1,Y,-1,0,0,No Discount,N,20071112,20071112,0,0.0,,N,0.0,0,No Tare,0.0,1,,
Grocery,8906005504548,,bikaji maast masala chips,,,1.99,0.0,Y,N,N,N,--- No Supplier ---,No Group,No Deposit,0.0,0.0,,Y,N,N,N,N,N,N,N,N,N,Y,N,N,1,Y,-8,0,0,No Discount,N,20071112,20071112,0,0.0,,N,0.0,0,No Tare,0.0,1,,
Grocery,8906005502056,,bikaji plain boondi,,,1.75,0.0,Y,N,N,N,--- No Supplier ---,No Group,No Deposit,0.0,0.0,,Y,N,N,N,N,N,N,N,N,N,Y,N,N,1,Y,-2,0,0,No Discount,N,20071112,20071112,0,0.0,,N,0.0,0,No Tare,0.0,1,,
Grocery,8901786541003,,everest rajma masala,,,2.49,0.0,Y,N,N,N,--- No Supplier ---,No Group,No Deposit,0.0,0.0,,Y,N,N,N,N,N,N,N,N,N,Y,N,N,1,Y,-1,0,0,No Discount,N,20071112,20071112,0,0.0,,N,0.0,0,No Tare,0.0,1,,
Grocery,8901786071005,,everest pav bhaji masala,,,2.49,0.0,Y,N,N,N,--- No Supplier ---,No Group,No Deposit,0.0,0.0,,Y,N,N,N,N,N,N,N,N,N,Y,N,N,1,Y,0,0,0,No Discount,N,20071112,20071112,0,0.0,,N,0.0,0,No Tare,0.0,1,,
Grocery,8901786531004,,everest shahi paneer masala,,,2.99,0.0,Y,N,N,N,--- No Supplier ---,No Group,No Deposit,0.0,0.0,,Y,N,N,N,N,N,N,N,N,N,Y,N,N,1,Y,0,0,0,No Discount,N,20071112,20071112,0,0.0,,N,0.0,0,No Tare,0.0,1,,
Grocery,8901786391004,,everest chilli powder,,,2.49,0.0,Y,N,N,N,--- No Supplier ---,No Group,No Deposit,0.0,0.0,,Y,N,N,N,N,N,N,N,N,N,Y,N,N,1,Y,-1,0,0,No Discount,N,20071112,20071112,0,0.0,,N,0.0,0,No Tare,0.0,1,,
Grocery,8901786121007,,everest kitchen king masala,,,2.49,0.0,Y,N,N,N,--- No Supplier ---,No Group,No Deposit,0.0,0.0,,Y,N,N,N,N,N,N,N,N,N,Y,N,N,1,Y,-5,0,0,No Discount,N,20071112,20071112,0,0.0,,N,0.0,0,No Tare,0.0,1,,
Grocery,8901786101009,,everest garam masala,,,2.99,0.0,Y,N,N,N,--- No Supplier ---,No Group,No Deposit,0.0,0.0,,Y,N,N,N,N,N,N,N,N,N,Y,N,N,1,Y,-2,0,0,No Discount,N,20071112,20071112,0,0.0,,N,0.0,0,No Tare,0.0,1,,
Grocery,8901786081004,,everest sambhar masala,,,2.49,0.0,Y,N,N,N,--- No Supplier ---,No Group,No Deposit,0.0,0.0,,Y,N,N,N,N,N,N,N,N,N,Y,N,N,1,Y,0,0,0,No Discount,N,20071112,20071112,0,0.0,,N,0.0,0,No Tare,0.0,1,,
Grocery,8901786171002,,tandoori chicken masala,,,2.99,0.0,Y,N,N,N,--- No Supplier ---,No Group,No Deposit,0.0,0.0,,Y,N,N,N,N,N,N,N,N,N,Y,N,N,1,Y,-2,0,0,No Discount,N,20071112,20071112,0,0.0,,N,0.0,0,No Tare,0.0,1,,
Grocery,8901786061006,,everest chat masala,,,2.49,0.0,Y,N,N,N,--- No Supplier ---,No Group,No Deposit,0.0,0.0,,Y,N,N,N,N,N,N,N,N,N,Y,N,N,1,Y,-6,0,0,No Discount,N,20071112,20071112,0,0.0,,N,0.0,0,No Tare,0.0,1,,
Grocery,8901786161003,,everest chicken masala 100g,,,2.49,0.0,Y,N,N,N,--- No Supplier ---,No Group,No Deposit,0.0,0.0,,Y,N,N,N,N,N,N,N,N,N,Y,N,N,1,Y,-7,0,0,No Discount,N,20071112,20071112,0,0.0,,N,0.0,0,No Tare,0.0,1,,
Grocery,8906005504449,,bikaji pudina chips 80gm,,,1.99,0.0,Y,N,N,N,--- No Supplier ---,No Group,No Deposit,0.0,0.0,,Y,N,N,N,N,N,N,N,N,N,Y,N,N,1,Y,-2,0,0,No Discount,N,20071112,20071112,0,0.0,,N,0.0,0,No Tare,0.0,1,,
Deli,884282012797,,veerka paratha 360gm,,,3.99,0.0,N,N,N,N,--- No Supplier ---,No Group,No Deposit,0.0,0.0,,Y,N,N,N,N,N,N,N,N,N,Y,N,N,1,Y,-7,0,0,No Discount,N,20071112,20071112,0,0.0,,N,0.0,0,No Tare,0.0,1,,
Deli,8901441010912,,plain udad papad 200gm,,,2.49,1.45,Y,N,N,N,--- No Supplier ---,No Group,No Deposit,0.0,0.0,,Y,N,N,N,N,N,N,N,N,N,Y,N,N,1,Y,-2,0,0,No Discount,N,20071112,20071112,0,0.0,,N,41.77,0,No Tare,1.45,1,,
Frozen,055000205702,,haagen-dazs white chocolate,,,7.99,0.0,N,N,N,N,--- No Supplier ---,No Group,No Deposit,0.0,0.0,,Y,N,N,N,N,N,N,N,N,N,Y,N,N,1,Y,-7,0,0,No Discount,N,20071112,20071112,0,0.0,,Y,0.0,0,No Tare,0.0,1,,
Frozen,055000205542,,haagen-dazs chocolate,,,7.99,0.0,N,N,N,N,--- No Supplier ---,No Group,No Deposit,0.0,0.0,,Y,N,N,N,N,N,N,N,N,N,Y,N,N,1,Y,-2,0,0,No Discount,N,20071112,20071112,0,0.0,,Y,0.0,0,No Tare,0.0,1,,
Frozen,058779142773,,b&j chocolate fudge,,,7.99,0.0,Y,N,N,N,--- No Supplier ---,No Group,No Deposit,0.0,0.0,,Y,N,N,N,N,N,N,N,N,N,Y,N,N,1,Y,-2,0,0,No Discount,N,20071112,20071112,0,0.0,,Y,0.0,0,No Tare,0.0,1,,
Grocery,990312311034,,grainora sona masoori rice 20lbs,,,21.99,0.0,N,N,N,N,--- No Supplier ---,No Group,No Deposit,0.0,0.0,,Y,N,N,N,N,N,N,N,N,N,Y,N,N,1,Y,-44,0,0,No Discount,N,20071112,20071112,0,0.0,,Y,0.0,0,No Tare,0.0,1,,
cosmetic,8720608615025,,Taj Mahal Tea Powder,,,7.99,0.0,Y,N,N,N,--- No Supplier ---,No Group,No Deposit,0.0,0.0,,Y,N,N,N,N,N,N,N,N,N,Y,N,N,1,Y,-4,0,0,No Discount,N,20071112,20071112,0,0.0,,N,0.0,0,No Tare,0.0,1,,
cosmetic,8904011504361,,Double Horse Idli Ravva,,,4.99,0.0,Y,N,N,N,--- No Supplier ---,No Group,No Deposit,0.0,0.0,,Y,N,N,N,N,N,N,N,N,N,Y,N,N,1,Y,-7,0,0,No Discount,N,20071112,20071112,0,0.0,,N,0.0,0,No Tare,0.0,1,,
cosmetic,8906014080958,,Brahmins Curry Masala,,,2.95,0.0,Y,N,N,N,--- No Supplier ---,No Group,No Deposit,0.0,0.0,,Y,N,N,N,N,N,N,N,N,N,Y,N,N,1,Y,-2,0,0,No Discount,N,20071112,20071112,0,0.0,,N,0.0,0,No Tare,0.0,1,,
Grocery,8906014085762,,Brahmins Mango Pickle,,,5.99,0.0,N,N,N,N,--- No Supplier ---,No Group,No Deposit,0.0,0.0,,Y,N,N,N,N,N,N,N,N,N,Y,N,N,1,Y,-3,0,0,No Discount,N,20071112,20071112,0,0.0,,N,0.0,0,No Tare,0.0,1,,
cosmetic,8901088047142,,Paraschute coconut Hair Oil,,,3.75,0.0,N,N,N,N,--- No Supplier ---,No Group,No Deposit,0.0,0.0,,Y,N,N,N,N,N,N,N,N,N,Y,N,N,1,Y,-8,0,0,No Discount,N,20071112,20071112,0,0.0,,N,0.0,0,No Tare,0.0,1,,
cosmetic,8901058000306,,Maggie Noodles 560gr,,,5.25,0.0,N,N,N,N,--- No Supplier ---,No Group,No Deposit,0.0,0.0,,Y,N,N,N,N,N,N,N,N,N,Y,N,N,1,Y,-13,0,0,No Discount,N,20071112,20071112,0,0.0,,N,0.0,0,No Tare,0.0,1,,
Frozen,058779143602,,CHOCOLATE AND VANILLA CONE,,,4.49,0.0,Y,N,N,N,--- No Supplier ---,No Group,No Deposit,0.0,0.0,,Y,N,N,N,N,N,N,N,N,N,Y,N,N,1,Y,-24,0,0,No Discount,N,20071112,20071112,0,0.0,,N,0.0,0,No Tare,0.0,1,,
Frozen,058779141028,,COOKIE&CREEM SANDWICH,,,4.49,0.0,Y,N,N,N,--- No Supplier ---,No Group,No Deposit,0.0,0.0,,Y,N,N,N,N,N,N,N,N,N,Y,N,N,1,Y,-20,0,0,No Discount,N,20071112,20071112,0,0.0,,N,0.0,0,No Tare,0.0,1,,
Frozen,058779142803,,B&J CHOCO CHIP COOKIE DOUGH,,,7.99,0.0,Y,N,N,N,--- No Supplier ---,No Group,No Deposit,0.0,0.0,,Y,N,N,N,N,N,N,N,N,N,Y,N,N,1,Y,-4,0,0,No Discount,N,20071112,20071112,0,0.0,,N,0.0,0,No Tare,0.0,1,,
Frozen,058779594893,,magnum double caramel,,,5.79,0.0,Y,N,N,N,--- No Supplier ---,No Group,No Deposit,0.0,0.0,,Y,N,N,N,N,N,N,N,N,N,Y,N,N,1,Y,-24,0,0,No Discount,N,20071112,20071112,0,0.0,,N,0.0,0,No Tare,0.0,1,,
Frozen,628504721049,,chicken koyla barakah eats,,,8.99,0.0,Y,N,N,N,--- No Supplier ---,No Group,No Deposit,0.0,0.0,,Y,N,N,N,N,N,N,N,N,N,Y,N,N,1,Y,-6,0,0,No Discount,N,20071112,20071112,0,0.0,,N,0.0,0,No Tare,0.0,1,,
Frozen,628504721094,,beef keema barakah eats,,,8.99,0.0,Y,N,N,N,--- No Supplier ---,No Group,No Deposit,0.0,0.0,,Y,N,N,N,N,N,N,N,N,N,Y,N,N,1,Y,-4,0,0,No Discount,N,20071112,20071112,0,0.0,,N,0.0,0,No Tare,0.0,1,,
Frozen,628504721018,,beef nihari barakah eats,,,8.99,0.0,Y,N,N,N,--- No Supplier ---,No Group,No Deposit,0.0,0.0,,Y,N,N,N,N,N,N,N,N,N,Y,N,N,1,Y,-3,0,0,No Discount,N,20071112,20071112,0,0.0,,N,0.0,0,No Tare,0.0,1,,
Frozen,628504721025,,butter chicken barakah eats,,,8.99,0.0,Y,N,N,N,--- No Supplier ---,No Group,No Deposit,0.0,0.0,,Y,N,N,N,N,N,N,N,N,N,Y,N,N,1,Y,-8,0,0,No Discount,N,20071112,20071112,0,0.0,,N,0.0,0,No Tare,0.0,1,,
Frozen,628504721056,,chicken dum biryani barakah eats,,,8.99,0.0,Y,N,N,N,--- No Supplier ---,No Group,No Deposit,0.0,0.0,,Y,N,N,N,N,N,N,N,N,N,Y,N,N,1,Y,-8,0,0,No Discount,N,20071112,20071112,0,0.0,,N,0.0,0,No Tare,0.0,1,,
cosmetic,8929991732290,,nellore special mixture,,,3.99,0.0,N,N,N,N,--- No Supplier ---,No Group,No Deposit,0.0,0.0,,Y,N,N,N,N,N,N,N,N,N,Y,N,N,1,Y,-13,0,0,No Discount,N,20071112,20071112,0,0.0,,Y,0.0,0,No Tare,0.0,1,,
cosmetic,061483013048,,Ziggys Cheddar 180gr,,,6.0,0.0,N,N,N,N,--- No Supplier ---,No Group,No Deposit,0.0,0.0,,Y,N,N,N,N,N,N,N,N,N,Y,N,N,1,Y,0,0,0,No Discount,N,20071112,20071112,0,0.0,,Y,0.0,0,No Tare,0.0,1,,
cosmetic,064144370030,,FRASER FARM MEAT BALLS,,,3.49,0.0,N,N,N,N,--- No Supplier ---,No Group,No Deposit,0.0,0.0,,Y,N,N,N,N,N,N,N,N,N,Y,N,N,1,Y,0,0,0,No Discount,N,20071112,20071112,0,0.0,,N,0.0,0,No Tare,0.0,1,,
cosmetic,059200001294,,WINDEX GLASS CLEANER,,,5.49,0.0,N,N,N,N,--- No Supplier ---,No Group,No Deposit,0.0,0.0,,Y,N,N,N,N,N,N,N,N,N,Y,N,N,1,Y,-4,0,0,No Discount,N,20071112,20071112,0,0.0,,Y,0.0,0,No Tare,0.0,1,,
cosmetic,030772120903,,TIDE ALL IN ONE 858ML,,,5.99,0.0,N,N,N,N,--- No Supplier ---,No Group,No Deposit,0.0,0.0,,Y,N,N,N,N,N,N,N,N,N,Y,N,N,1,Y,-2,0,0,No Discount,N,20071112,20071112,0,0.0,,Y,0.0,0,No Tare,0.0,1,,
cosmetic,030772075999,,DAWN APPLE DISH WASH LIQUID 473ML,,,5.99,0.0,N,N,N,N,--- No Supplier ---,No Group,No Deposit,0.0,0.0,,Y,N,N,N,N,N,N,N,N,N,Y,N,N,1,Y,-1,0,0,No Discount,N,20071112,20071112,0,0.0,,N,0.0,0,No Tare,0.0,1,,
Grocery,060335408209,,Turmeric Powder 200gr,,,4.99,0.0,N,N,N,N,--- No Supplier ---,No Group,No Deposit,0.0,0.0,,Y,N,N,N,N,N,N,N,N,N,Y,N,N,1,Y,-2,0,0,No Discount,N,20071112,20071112,0,0.0,ea,Y,0.0,0,No Tare,0.0,1,,
cosmetic,8902264040483,,aroma fusion 7 african musk,,,1.99,0.0,N,N,N,N,--- No Supplier ---,No Group,No Deposit,0.0,0.0,,Y,N,N,N,N,N,N,N,N,N,Y,N,N,1,Y,0,0,0,No Discount,N,20071112,20071112,0,0.0,,Y,0.0,0,No Tare,0.0,1,,
cosmetic,060335103128,,SUGAR COATED FENNEL,,,2.99,0.0,N,N,N,N,--- No Supplier ---,No Group,No Deposit,0.0,0.0,,Y,N,N,N,N,N,N,N,N,N,Y,N,N,1,Y,0,0,0,No Discount,N,20071112,20071112,0,0.0,,Y,0.0,0,No Tare,0.0,1,,
Frozen,068400662105,,HELLMANN'S REAL MAYO,,,7.49,0.0,N,N,N,N,--- No Supplier ---,No Group,No Deposit,0.0,0.0,,Y,N,N,N,N,N,N,N,N,N,Y,N,N,1,Y,-2,0,0,No Discount,N,20071112,20071112,0,0.0,,N,0.0,0,No Tare,0.0,1,,
Frozen,723246290058,,AMMAS MEDU VADA 920GM( 24PCS),,,9.99,6.58,Y,N,N,N,--- No Supplier ---,No Group,No Deposit,0.0,0.0,,Y,N,N,N,N,N,N,N,N,N,Y,N,N,1,Y,-4,0,0,No Discount,N,20071112,20071112,0,0.0,,N,34.13,0,No Tare,0.0,1,,
Frozen,9556587101179,,KAWAN CHAPATTI 24PCS,,,9.99,6.99,Y,N,N,N,--- No Supplier ---,No Group,No Deposit,0.0,0.0,,Y,N,N,N,N,N,N,N,N,N,Y,N,N,1,Y,-11,0,0,No Discount,N,20071112,20071112,0,0.0,,N,30.03,0,No Tare,0.0,1,,
Frozen,723246160085,,SHREDDED COCONUT 400GM,,,4.99,2.62,Y,N,N,N,--- No Supplier ---,No Group,No Deposit,0.0,0.0,,Y,N,N,N,N,N,N,N,N,N,Y,N,N,1,Y,-14,0,0,No Discount,N,20071112,20071112,0,0.0,,N,47.39,0,No Tare,0.0,1,,
Frozen,723246290577,,AMMAS MINI WITH SAMBHAR & CHUTNEY,,,5.99,3.25,Y,N,N,N,--- No Supplier ---,No Group,No Deposit,0.0,0.0,,Y,N,N,N,N,N,N,N,N,N,Y,N,N,1,Y,-7,0,0,No Discount,N,20071112,20071112,0,0.0,,N,45.74,0,No Tare,0.0,1,,
Frozen,723246289427,,PURAN POLI SWEET FLAT BREAD 380GM,,,3.99,2.89,Y,N,N,N,--- No Supplier ---,No Group,No Deposit,0.0,0.0,,Y,N,N,N,N,N,N,N,N,N,Y,N,N,1,Y,-4,0,0,No Discount,N,20071112,20071112,0,0.0,,N,27.57,0,No Tare,2.89,1,,
Grocery,723246283487,,LAXMI EXTRA LONG BASMATI RICE 10LB,,,15.99,12.38,Y,N,N,N,--- No Supplier ---,No Group,No Deposit,0.0,0.0,,Y,N,N,N,N,N,N,N,N,N,Y,N,N,1,Y,-25,0,0,No Discount,N,20071112,20071112,0,0.0,,N,22.61,0,No Tare,0.0,1,,
Grocery,723246116136,,SONA MASOORI RICE 20LB LAXMI,,,28.99,26.25,Y,N,N,N,--- No Supplier ---,No Group,No Deposit,0.0,0.0,,Y,N,N,N,N,N,N,N,N,N,Y,N,N,1,Y,-8,0,0,No Discount,N,20071112,20071112,0,0.0,,N,9.45,0,No Tare,0.0,1,,
Grocery,723246288871,,COLD PRESSED PEANUT OIL 2LIT,,,18.99,16.08,Y,N,N,N,--- No Supplier ---,No Group,No Deposit,0.0,0.0,,Y,N,N,N,N,N,N,N,N,N,Y,N,N,1,Y,-9,0,0,No Discount,N,20071112,20071112,0,0.0,,N,15.32,0,No Tare,0.0,1,,
Grocery,723246270012,,LAXMI GINGELLY OIL 1LIT,,,10.99,8.95,Y,N,N,N,--- No Supplier ---,No Group,No Deposit,0.0,0.0,,Y,N,N,N,N,N,N,N,N,N,Y,N,N,1,Y,-9,0,0,No Discount,N,20071112,20071112,0,0.0,,N,18.56,0,No Tare,0.0,1,,
Grocery,723246293011,,AMMAS CHEKODI RINGS 200GM,,,3.49,2.15,Y,N,N,N,--- No Supplier ---,No Group,No Deposit,0.0,0.0,,Y,N,N,N,N,N,N,N,N,N,Y,N,N,1,Y,-12,0,0,No Discount,N,20071112,20071112,0,0.0,,N,38.4,0,No Tare,0.0,1,,
cosmetic,723246211381,,PHOOL MAKHANA 200GM,,,10.99,7.99,Y,N,N,N,--- No Supplier ---,No Group,No Deposit,0.0,0.0,,Y,N,N,N,N,N,N,N,N,N,Y,N,N,1,Y,-10,0,0,No Discount,N,20071112,20071112,0,0.0,,N,27.3,0,No Tare,0.0,1,,
cosmetic,723246121390,,MAMRA BASMATI PUFFED RICE 400GM,,,3.99,2.5,Y,N,N,N,--- No Supplier ---,No Group,No Deposit,0.0,0.0,,Y,N,N,N,N,N,N,N,N,N,Y,N,N,1,Y,-21,0,0,No Discount,N,20071112,20071112,0,0.0,,N,37.34,0,No Tare,0.0,1,,
cosmetic,723246289700,,LAXMI RICE FLOUR 1.81KG,,,5.49,3.6,Y,N,N,N,--- No Supplier ---,No Group,No Deposit,0.0,0.0,,Y,N,N,N,N,N,N,N,N,N,Y,N,N,1,Y,-1,0,0,No Discount,N,20071112,20071112,0,0.0,,N,34.43,0,No Tare,0.0,1,,
cosmetic,723246121215,,SOOJI COARSE LAXMI 1.81KG,,,8.99,5.05,Y,N,N,N,--- No Supplier ---,No Group,No Deposit,0.0,0.0,,Y,N,N,N,N,N,N,N,N,N,Y,N,N,1,Y,-10,0,0,No Discount,N,20071112,20071112,0,0.0,,N,43.83,0,No Tare,0.0,1,,
cosmetic,723246181448,,DALIA SPLIT CHICKPEAS,,,3.99,2.25,Y,N,N,N,--- No Supplier ---,No Group,No Deposit,0.0,0.0,,Y,N,N,N,N,N,N,N,N,N,Y,N,N,1,Y,-11,0,0,No Discount,N,20071112,20071112,0,0.0,,N,43.61,0,No Tare,0.0,1,,
cosmetic,723246121314,,LAXMI SABUDANA 907GM,,,4.99,2.86,Y,N,N,N,--- No Supplier ---,No Group,No Deposit,0.0,0.0,,Y,N,N,N,N,N,N,N,N,N,Y,N,N,1,Y,-7,0,0,No Discount,N,20071112,20071112,0,0.0,,N,42.69,0,No Tare,0.0,1,,
cosmetic,723246121512,,POHA THICK LAXMI 1.81KG,,,7.99,4.9,Y,N,N,N,--- No Supplier ---,No Group,No Deposit,0.0,0.0,,Y,N,N,N,N,N,N,N,N,N,Y,N,N,1,Y,-9,0,0,No Discount,N,20071112,20071112,0,0.0,,N,38.67,0,No Tare,0.0,1,,
cosmetic,723246183237,,MASOOR DAL LAXMI 907GM,,,3.99,2.35,Y,N,N,N,--- No Supplier ---,No Group,No Deposit,0.0,0.0,,Y,N,N,N,N,N,N,N,N,N,Y,N,N,1,Y,-6,0,0,No Discount,N,20071112,20071112,0,0.0,,N,41.1,0,No Tare,0.0,1,,
cosmetic,723246181080,,WHOLE URAD LAXMI 907GM,,,4.75,3.05,Y,N,N,N,--- No Supplier ---,No Group,No Deposit,0.0,0.0,,Y,N,N,N,N,N,N,N,N,N,Y,N,N,1,Y,-5,0,0,No Discount,N,20071112,20071112,0,0.0,,N,35.79,0,No Tare,0.0,1,,
cosmetic,723246183312,,LAXMI URAD DAL 907GM,,,4.99,3.3,Y,N,N,N,--- No Supplier ---,No Group,No Deposit,0.0,0.0,,Y,N,N,N,N,N,N,N,N,N,Y,N,N,1,Y,-4,0,0,No Discount,N,20071112,20071112,0,0.0,,N,33.87,0,No Tare,0.0,1,,
cosmetic,723246183022,,CHANA DAL LAXMI 907GM,,,4.49,2.8,Y,N,N,N,--- No Supplier ---,No Group,No Deposit,0.0,0.0,,Y,N,N,N,N,N,N,N,N,N,Y,N,N,1,Y,-6,0,0,No Discount,N,20071112,20071112,0,0.0,,N,37.64,0,No Tare,0.0,1,,
cosmetic,723246181172,,KABULI CHANA LAXMI 907GM,,,4.49,2.62,Y,N,N,N,--- No Supplier ---,No Group,No Deposit,0.0,0.0,,Y,N,N,N,N,N,N,N,N,N,Y,N,N,1,Y,-4,0,0,No Discount,N,20071112,20071112,0,0.0,,N,41.65,0,No Tare,0.0,1,,
cosmetic,723246183084,,LAXMI TOOR DAL 907GM,,,5.49,3.82,Y,N,N,N,--- No Supplier ---,No Group,No Deposit,0.0,0.0,,Y,N,N,N,N,N,N,N,N,N,Y,N,N,1,Y,-20,0,0,No Discount,N,20071112,20071112,0,0.0,,N,30.42,0,No Tare,0.0,1,,
cosmetic,841905061631,,DARK FANTASY BIG CHOCO NUT FILLS 150GM,,,2.99,1.75,Y,N,N,N,--- No Supplier ---,No Group,No Deposit,0.0,0.0,,Y,N,N,N,N,N,N,N,N,N,Y,N,N,1,Y,-17,0,0,No Discount,N,20071112,20071112,0,0.0,,N,41.47,0,No Tare,0.0,1,,
cosmetic,723246246260,,laxmi chapathi flour,,,6.99,4.3,Y,N,N,N,--- No Supplier ---,No Group,No Deposit,0.0,0.0,,Y,N,N,N,N,N,N,N,N,N,Y,N,N,1,Y,-26,0,0,No Discount,N,20071112,20071112,0,0.0,,N,38.48,0,No Tare,0.0,1,,
Grocery,723246287454,,laxmi desi besan(flour),,,8.99,6.3,Y,N,N,N,--- No Supplier ---,No Group,No Deposit,0.0,0.0,,Y,N,N,N,N,N,N,N,N,N,Y,N,N,1,Y,-6,0,0,No Discount,N,20071112,20071112,0,0.0,,N,29.92,0,No Tare,0.0,1,,
Grocery,723246176390,,laxmi coriander powder,,200gm,2.75,1.55,Y,N,N,N,--- No Supplier ---,No Group,No Deposit,0.0,0.0,,Y,N,N,N,N,N,N,N,N,N,Y,N,N,1,Y,-10,0,0,No Discount,N,20071112,20071112,0,0.0,,N,43.64,0,No Tare,0.0,1,,
Grocery,723246177212,,laxmi extra hot chilli 200gm,,,3.99,2.75,Y,N,N,N,--- No Supplier ---,No Group,No Deposit,0.0,0.0,,Y,N,N,N,N,N,N,N,N,N,Y,N,N,1,Y,-6,0,0,No Discount,N,20071112,20071112,0,0.0,,N,31.08,0,No Tare,0.0,1,,
cosmetic,8901595862740,,Chings Red chilli sauce,,,3.99,0.0,N,N,N,N,--- No Supplier ---,No Group,No Deposit,0.0,0.0,,Y,N,N,N,N,N,N,N,N,N,Y,N,N,1,Y,0,0,0,No Discount,N,20071112,20071112,0,0.0,,N,0.0,0,No Tare,0.0,1,,
cosmetic,8901595862726,,Chings Dark soya sauce,,,3.99,0.0,N,N,N,N,--- No Supplier ---,No Group,No Deposit,0.0,0.0,,Y,N,N,N,N,N,N,N,N,N,Y,N,N,1,Y,-4,0,0,No Discount,N,20071112,20071112,0,0.0,,N,0.0,0,No Tare,0.0,1,,
cosmetic,8901595862733,,Chings Geen chili Sauce,,,3.99,0.0,N,N,N,N,--- No Supplier ---,No Group,No Deposit,0.0,0.0,,Y,N,N,N,N,N,N,N,N,N,Y,N,N,1,Y,0,0,0,No Discount,N,20071112,20071112,0,0.0,,N,0.0,0,No Tare,0.0,1,,
cosmetic,8904004405323,,Haldirams soan Papidi,,,4.99,0.0,N,N,N,N,--- No Supplier ---,No Group,No Deposit,0.0,0.0,,Y,N,N,N,N,N,N,N,N,N,Y,N,N,1,Y,-5,0,0,No Discount,N,20071112,20071112,0,0.0,,N,0.0,0,No Tare,0.0,1,,
cosmetic,8901063151345,,Good Day pista almond,,,1.2,0.0,N,N,N,N,--- No Supplier ---,No Group,No Deposit,0.0,0.0,,Y,N,N,N,N,N,N,N,N,N,Y,N,N,1,Y,-9,0,0,No Discount,N,20071112,20071112,0,0.0,,N,0.0,0,No Tare,0.0,1,,
cosmetic,8901719908873,,Hide & seek Bourbon choco,,,7.99,0.0,N,N,N,N,--- No Supplier ---,No Group,No Deposit,0.0,0.0,,Y,N,N,N,N,N,N,N,N,N,Y,N,N,1,Y,-1,0,0,No Discount,N,20071112,20071112,0,0.0,,N,0.0,0,No Tare,0.0,1,,
cosmetic,8901719908828,,Hide & seek bourbon Vanilla,,,7.99,0.0,N,N,N,N,--- No Supplier ---,No Group,No Deposit,0.0,0.0,,Y,N,N,N,N,N,N,N,N,N,Y,N,N,1,Y,-1,0,0,No Discount,N,20071112,20071112,0,0.0,,N,0.0,0,No Tare,0.0,1,,
cosmetic,8904004402377,,Haldirams Masala chips,,,2.5,0.0,N,N,N,N,--- No Supplier ---,No Group,No Deposit,0.0,0.0,,Y,N,N,N,N,N,N,N,N,N,Y,N,N,1,Y,-7,0,0,No Discount,N,20071112,20071112,0,0.0,,N,0.0,0,No Tare,0.0,1,,
cosmetic,8904004408720,,Haldirams Moorukulu,,,2.5,0.0,N,N,N,N,--- No Supplier ---,No Group,No Deposit,0.0,0.0,,Y,N,N,N,N,N,N,N,N,N,Y,N,N,1,Y,-7,0,0,No Discount,N,20071112,20071112,0,0.0,,N,0.0,0,No Tare,0.0,1,,
cosmetic,8904004400229,,Haldirams Soya stics,,,2.5,0.0,N,N,N,N,--- No Supplier ---,No Group,No Deposit,0.0,0.0,,Y,N,N,N,N,N,N,N,N,N,Y,N,N,1,Y,-8,0,0,No Discount,N,20071112,20071112,0,0.0,,N,0.0,0,No Tare,0.0,1,,
cosmetic,8904004407518,,Haldirams Nimbu masala,,,2.5,0.0,N,N,N,N,--- No Supplier ---,No Group,No Deposit,0.0,0.0,,Y,N,N,N,N,N,N,N,N,N,Y,N,N,1,Y,-2,0,0,No Discount,N,20071112,20071112,0,0.0,,N,0.0,0,No Tare,0.0,1,,
cosmetic,8904004418934,,Haldirams Spicy Penuts,,,2.5,0.0,N,N,N,N,--- No Supplier ---,No Group,No Deposit,0.0,0.0,,Y,N,N,N,N,N,N,N,N,N,Y,N,N,1,Y,-9,0,0,No Discount,N,20071112,20071112,0,0.0,,N,0.0,0,No Tare,0.0,1,,
cosmetic,8904004402025,,Haldirams all in one,,,2.5,0.0,N,N,N,N,--- No Supplier ---,No Group,No Deposit,0.0,0.0,,Y,N,N,N,N,N,N,N,N,N,Y,N,N,1,Y,-9,0,0,No Discount,N,20071112,20071112,0,0.0,,N,0.0,0,No Tare,0.0,1,,
cosmetic,8904004400762,,Haldirams Aloo Bhuj9iya,,,2.5,0.0,N,N,N,N,--- No Supplier ---,No Group,No Deposit,0.0,0.0,,Y,N,N,N,N,N,N,N,N,N,Y,N,N,1,Y,-8,0,0,No Discount,N,20071112,20071112,0,0.0,,N,0.0,0,No Tare,0.0,1,,
cosmetic,8901042954547,,mtr gulab jamun mix,,,4.99,0.0,N,N,N,N,--- No Supplier ---,No Group,No Deposit,0.0,0.0,,Y,N,N,N,N,N,N,N,N,N,Y,N,N,1,Y,-2,0,0,No Discount,N,20071112,20071112,0,0.0,,N,0.0,0,No Tare,0.0,1,,
cosmetic,8681990352380,,palmidas extra virgin olive oil,,,14.99,0.0,N,N,N,N,--- No Supplier ---,No Group,No Deposit,0.0,0.0,,Y,N,N,N,N,N,N,N,N,N,Y,N,N,1,Y,-2,0,0,No Discount,N,20071112,20071112,0,0.0,,N,0.0,0,No Tare,0.0,1,,
cosmetic,785018167050,,priya hyd chicken masala,,,2.5,0.0,N,N,N,N,--- No Supplier ---,No Group,No Deposit,0.0,0.0,,Y,N,N,N,N,N,N,N,N,N,Y,N,N,1,Y,-5,0,0,No Discount,N,20071112,20071112,0,0.0,,N,0.0,0,No Tare,0.0,1,,
cosmetic,785018167227,,priya hyd mutton masala,,,2.5,0.0,N,N,N,N,--- No Supplier ---,No Group,No Deposit,0.0,0.0,,Y,N,N,N,N,N,N,N,N,N,Y,N,N,1,Y,-5,0,0,No Discount,N,20071112,20071112,0,0.0,,N,0.0,0,No Tare,0.0,1,,
cosmetic,785018167258,,priya nihari masala,,,2.5,0.0,N,N,N,N,--- No Supplier ---,No Group,No Deposit,0.0,0.0,,Y,N,N,N,N,N,N,N,N,N,Y,N,N,1,Y,0,0,0,No Discount,N,20071112,20071112,0,0.0,,N,0.0,0,No Tare,0.0,1,,
cosmetic,785018167098,,priya hyd mutton biryani masala,,,2.5,0.0,N,N,N,N,--- No Supplier ---,No Group,No Deposit,0.0,0.0,,Y,N,N,N,N,N,N,N,N,N,Y,N,N,1,Y,0,0,0,No Discount,N,20071112,20071112,0,0.0,,N,0.0,0,No Tare,0.0,1,,
cosmetic,785018167272,,priya telugu charu masala,,,2.5,0.0,N,N,N,N,--- No Supplier ---,No Group,No Deposit,0.0,0.0,,Y,N,N,N,N,N,N,N,N,N,Y,N,N,1,Y,-1,0,0,No Discount,N,20071112,20071112,0,0.0,,N,0.0,0,No Tare,0.0,1,,
cosmetic,608171000302,,swad keasar mango pulp,,,5.0,0.0,N,N,N,N,--- No Supplier ---,No Group,No Deposit,0.0,0.0,,Y,N,N,N,N,N,N,N,N,N,Y,N,N,1,Y,-2,0,0,No Discount,N,20071112,20071112,0,0.0,,N,0.0,0,No Tare,0.0,1,,
cosmetic,785018084937,,priya chicken masala,,,2.5,0.0,N,N,N,N,--- No Supplier ---,No Group,No Deposit,0.0,0.0,,Y,N,N,N,N,N,N,N,N,N,Y,N,N,1,Y,-4,0,0,No Discount,N,20071112,20071112,0,0.0,,N,0.0,0,No Tare,0.0,1,,
cosmetic,785018084920,,priya biryani masala,,,2.5,0.0,N,N,N,N,--- No Supplier ---,No Group,No Deposit,0.0,0.0,,Y,N,N,N,N,N,N,N,N,N,Y,N,N,1,Y,-3,0,0,No Discount,N,20071112,20071112,0,0.0,,N,0.0,0,No Tare,0.0,1,,
cosmetic,8908001448239,,sankalp dal makhani,,,3.99,0.0,N,N,N,N,--- No Supplier ---,No Group,No Deposit,0.0,0.0,,Y,N,N,N,N,N,N,N,N,N,Y,N,N,1,Y,0,0,0,No Discount,N,20071112,20071112,0,0.0,,Y,0.0,0,No Tare,0.0,1,,
cosmetic,8908001448253,,sankalp chana masala,,,3.99,0.0,N,N,N,N,--- No Supplier ---,No Group,No Deposit,0.0,0.0,,Y,N,N,N,N,N,N,N,N,N,Y,N,N,1,Y,-2,0,0,No Discount,N,20071112,20071112,0,0.0,,Y,0.0,0,No Tare,0.0,1,,
cosmetic,4800449556894,,LALA Potato crisps BBQ Flavour 85 gm,,,2.75,0.0,N,N,N,N,--- No Supplier ---,No Group,No Deposit,0.0,0.0,,Y,N,N,N,N,N,N,N,N,N,Y,N,N,1,Y,-14,0,0,No Discount,N,20071112,20071112,0,0.0,,Y,0.0,0,No Tare,0.0,1,,
cosmetic,620294,,Small Ferrero Rocher,,,2.49,0.0,N,N,N,N,--- No Supplier ---,No Group,No Deposit,0.0,0.0,,Y,N,N,N,N,N,N,N,N,N,Y,N,N,1,Y,-2,0,0,No Discount,N,20071112,20071112,0,0.0,,N,0.0,0,No Tare,0.0,1,,
cosmetic,035000556769,,Colgate Tooth Brush,,,2.49,0.0,N,N,N,N,--- No Supplier ---,No Group,No Deposit,0.0,0.0,,Y,N,N,N,N,N,N,N,N,N,Y,N,N,1,Y,0,0,0,No Discount,N,20071112,20071112,0,0.0,,N,0.0,0,No Tare,0.0,1,,
cosmetic,056100082224,,crest 125ml toothpaste,,,2.99,0.0,N,N,N,N,--- No Supplier ---,No Group,No Deposit,0.0,0.0,,Y,N,N,N,N,N,N,N,N,N,Y,N,N,1,Y,-1,0,0,No Discount,N,20071112,20071112,0,0.0,,N,0.0,0,No Tare,0.0,1,,
cosmetic,060383992460,,pc all dressed chips,,200g,2.49,0.0,N,N,N,N,--- No Supplier ---,No Group,No Deposit,0.0,0.0,,Y,N,N,N,N,N,N,N,N,N,Y,N,N,1,Y,-1,0,0,No Discount,N,20071112,20071112,0,0.0,,N,0.0,0,No Tare,0.0,1,,
cosmetic,060383992552,,pc chips ripple cut,,200g,2.5,0.0,N,N,N,N,--- No Supplier ---,No Group,No Deposit,0.0,0.0,,Y,N,N,N,N,N,N,N,N,N,Y,N,N,1,Y,-2,0,0,No Discount,N,20071112,20071112,0,0.0,,N,0.0,0,No Tare,0.0,1,,
cosmetic,064947130978,,wonder whole wheat bread,,,4.0,0.0,N,N,N,N,--- No Supplier ---,No Group,No Deposit,0.0,0.0,,Y,N,N,N,N,N,N,N,N,N,Y,N,N,1,Y,-3,0,0,No Discount,N,20071112,20071112,0,0.0,,N,0.0,0,No Tare,0.0,1,,
cosmetic,8934637514673,,SRIRACHA HOT CHILI SAUCE,,,3.5,0.0,N,N,N,N,--- No Supplier ---,No Group,No Deposit,0.0,0.0,,Y,N,N,N,N,N,N,N,N,N,Y,N,N,1,Y,-1,0,0,No Discount,N,20071112,20071112,0,0.0,ea,N,0.0,0,No Tare,0.0,1,,
cosmetic,4800888139450,,creamsilk damage control,,,9.29,0.0,N,N,N,N,--- No Supplier ---,No Group,No Deposit,0.0,0.0,,Y,N,N,N,N,N,N,N,N,N,Y,N,N,1,Y,-7,0,0,No Discount,N,20071112,20071112,0,0.0,,N,0.0,0,No Tare,0.0,1,,
cosmetic,716221055810,,dried mango slices (philippine),,,18.99,0.0,N,N,N,N,--- No Supplier ---,No Group,No Deposit,0.0,0.0,,Y,N,N,N,N,N,N,N,N,N,Y,N,N,1,Y,-3,0,0,No Discount,N,20071112,20071112,0,0.0,,N,0.0,0,No Tare,0.0,1,,
cosmetic,4806513103018,,Haleys Tawas Powder Scented,,,3.25,0.0,Y,N,N,N,--- No Supplier ---,No Group,No Deposit,0.0,0.0,,Y,N,N,N,N,N,N,N,N,N,Y,N,N,1,Y,-2,0,0,No Discount,N,20071112,20071112,0,0.0,,N,0.0,0,No Tare,0.0,1,,
cosmetic,4806513103353,,Haleys Tawas Powder Unscented,,,3.25,0.0,Y,N,N,N,--- No Supplier ---,No Group,No Deposit,0.0,0.0,,Y,N,N,N,N,N,N,N,N,N,Y,N,N,1,Y,0,0,0,No Discount,N,20071112,20071112,0,0.0,,N,0.0,0,No Tare,0.0,1,,
cosmetic,8996001321812,,Kopiko Coffee Candy,,,17.25,0.0,N,N,N,N,--- No Supplier ---,No Group,No Deposit,0.0,0.0,,Y,N,N,N,N,N,N,N,N,N,Y,N,N,1,Y,2,0,0,No Discount,N,20071112,20071112,0,0.0,,N,0.0,0,No Tare,0.0,1,,
cosmetic,4809014471075,,Sabanana Chips Lite!,,,3.99,0.0,N,N,N,N,--- No Supplier ---,No Group,No Deposit,0.0,0.0,,Y,N,N,N,N,N,N,N,N,N,Y,N,N,1,Y,8,0,0,No Discount,N,20071112,20071112,0,0.0,,N,0.0,0,No Tare,0.0,1,,
cosmetic,4809014471037,,Sabanana Chips Smoky BBQ,,,3.99,0.0,N,N,N,N,--- No Supplier ---,No Group,No Deposit,0.0,0.0,,Y,N,N,N,N,N,N,N,N,N,Y,N,N,1,Y,27,0,0,No Discount,N,20071112,20071112,0,0.0,,N,0.0,0,No Tare,0.0,1,,
cosmetic,4809014471051,,Sabanana Chips Roasted Garlic,,,3.99,0.0,N,N,N,N,--- No Supplier ---,No Group,No Deposit,0.0,0.0,,Y,N,N,N,N,N,N,N,N,N,Y,N,N,1,Y,33,0,0,No Discount,N,20071112,20071112,0,0.0,,N,0.0,0,No Tare,0.0,1,,
cosmetic,062600731456,,band aid - flexible,,,5.99,0.0,N,N,N,N,--- No Supplier ---,No Group,No Deposit,0.0,0.0,,Y,N,N,N,N,N,N,N,N,N,Y,N,N,1,Y,0,0,0,No Discount,N,20071112,20071112,0,0.0,,N,0.0,0,No Tare,0.0,1,,
cosmetic,062600061805,,band aid - tru stay 80 pcs,,,5.99,0.0,N,N,N,N,--- No Supplier ---,No Group,No Deposit,0.0,0.0,,Y,N,N,N,N,N,N,N,N,N,Y,N,N,1,Y,-1,0,0,No Discount,N,20071112,20071112,0,0.0,,N,0.0,0,No Tare,0.0,1,,
cosmetic,062600061607,,band aid - tru stay,,,4.99,0.0,N,N,N,N,--- No Supplier ---,No Group,No Deposit,0.0,0.0,,Y,N,N,N,N,N,N,N,N,N,Y,N,N,1,Y,-1,0,0,No Discount,N,20071112,20071112,0,0.0,,N,0.0,0,No Tare,0.0,1,,
cosmetic,062600965226,,band aid - skin flex,,,4.99,0.0,N,N,N,N,--- No Supplier ---,No Group,No Deposit,0.0,0.0,,Y,N,N,N,N,N,N,N,N,N,Y,N,N,1,Y,0,0,0,No Discount,N,20071112,20071112,0,0.0,,N,0.0,0,No Tare,0.0,1,,
cosmetic,062600476630,,band aid - water block,,,4.99,0.0,N,N,N,N,--- No Supplier ---,No Group,No Deposit,0.0,0.0,,Y,N,N,N,N,N,N,N,N,N,Y,N,N,1,Y,-1,0,0,No Discount,N,20071112,20071112,0,0.0,,N,0.0,0,No Tare,0.0,1,,
cosmetic,774310162344,,bulacan banana chips,,,3.19,0.0,Y,N,N,N,--- No Supplier ---,No Group,No Deposit,0.0,0.0,,Y,N,N,N,N,N,N,N,N,N,Y,N,N,1,Y,-18,0,0,No Discount,N,20071112,20071112,0,0.0,,N,0.0,0,No Tare,0.0,1,,
cosmetic,681131862295,,Great Value Chili Powder,,,2.99,0.0,N,N,N,N,--- No Supplier ---,No Group,No Deposit,0.0,0.0,,Y,N,N,N,N,N,N,N,N,N,Y,N,N,1,Y,-1,0,0,No Discount,N,20071112,20071112,0,0.0,,N,0.0,0,No Tare,0.0,1,,
cosmetic,057700017968,,Sour Patch Grape Raisin,,,3.99,0.0,N,N,N,N,--- No Supplier ---,No Group,No Deposit,0.0,0.0,,Y,N,N,N,N,N,N,N,N,N,Y,N,N,1,Y,-2,0,0,No Discount,N,20071112,20071112,0,0.0,,N,0.0,0,No Tare,0.0,1,,
cosmetic,681131862257,,Great Value Whole Black Pepper,,,2.99,0.0,N,N,N,N,--- No Supplier ---,No Group,No Deposit,0.0,0.0,,Y,N,N,N,N,N,N,N,N,N,Y,N,N,1,Y,-1,0,0,No Discount,N,20071112,20071112,0,0.0,,N,0.0,0,No Tare,0.0,1,,
cosmetic,058716991716,,PLANTERS CASHEW - UNSALTED,,,4.29,0.0,N,N,N,N,--- No Supplier ---,No Group,No Deposit,0.0,0.0,,Y,N,N,N,N,N,N,N,N,N,Y,N,N,1,Y,-2,0,0,No Discount,N,20071112,20071112,0,0.0,,N,0.0,0,No Tare,0.0,1,,
cosmetic,058716991709,,PLANTERS CASHEW - SALTED,,,4.29,0.0,N,N,N,N,--- No Supplier ---,No Group,No Deposit,0.0,0.0,,Y,N,N,N,N,N,N,N,N,N,Y,N,N,1,Y,0,0,0,No Discount,N,20071112,20071112,0,0.0,,N,0.0,0,No Tare,0.0,1,,
cosmetic,8478,,Brilliant Skin - Skincare set,,,24.99,0.0,N,N,N,N,--- No Supplier ---,No Group,No Deposit,0.0,0.0,,Y,N,N,N,N,N,N,N,N,N,Y,N,N,1,Y,2,0,0,No Discount,N,20071112,20071112,0,0.0,,N,0.0,0,No Tare,0.0,1,,
cosmetic,8936220560043,,RENSO COCONUT CREAM,,,2.79,0.0,N,N,N,N,--- No Supplier ---,No Group,No Deposit,0.0,0.0,,Y,N,N,N,N,N,N,N,N,N,Y,N,N,1,Y,-16,0,0,No Discount,N,20071112,20071112,0,0.0,,N,0.0,0,No Tare,0.0,1,,
cosmetic,8936220560050,,RENSO COCONUT WATER,,,2.99,0.0,N,N,N,N,--- No Supplier ---,No Group,No Deposit,0.0,0.0,,Y,N,N,N,N,N,N,N,N,N,Y,N,N,1,Y,-25,0,0,No Discount,N,20071112,20071112,0,0.0,,N,0.0,0,No Tare,0.0,1,,
cosmetic,8936220560067,,RENSO COCONUT WATER 500ML,,,1.99,0.0,N,N,N,N,--- No Supplier ---,No Group,No Deposit,0.0,0.0,,Y,N,N,N,N,N,N,N,N,N,Y,N,N,1,Y,3,0,0,No Discount,N,20071112,20071112,0,0.0,,N,0.0,0,No Tare,0.0,1,,
cosmetic,096619005482,,sparkling kiwi berry,,,2.49,0.0,N,N,N,N,--- No Supplier ---,No Group,No Deposit,0.0,0.0,,Y,N,N,N,N,N,N,N,N,N,Y,N,N,1,Y,-4,0,0,No Discount,N,20071112,20071112,0,0.0,,N,0.0,0,No Tare,0.0,1,,
cosmetic,096619995486,,sparkling orange mango,,,2.49,0.0,N,N,N,N,--- No Supplier ---,No Group,No Deposit,0.0,0.0,,Y,N,N,N,N,N,N,N,N,N,Y,N,N,1,Y,-3,0,0,No Discount,N,20071112,20071112,0,0.0,,N,0.0,0,No Tare,0.0,1,,
cosmetic,096619020799,,organic coconut water,,,2.49,0.0,N,N,N,N,--- No Supplier ---,No Group,No Deposit,0.0,0.0,,Y,N,N,N,N,N,N,N,N,N,Y,N,N,1,Y,-23,0,0,No Discount,N,20071112,20071112,0,0.0,,N,0.0,0,No Tare,0.0,1,,
cosmetic,8935311140300,,instant rice noodles beef flavor,,,1.89,0.0,N,N,N,N,--- No Supplier ---,No Group,No Deposit,0.0,0.0,,Y,N,N,N,N,N,N,N,N,N,Y,N,N,1,Y,-20,0,0,No Discount,N,20071112,20071112,0,0.0,,N,0.0,0,No Tare,0.0,1,,
cosmetic,8936220560173,,cashews honey flavour,,,10.39,0.0,N,N,N,N,--- No Supplier ---,No Group,No Deposit,0.0,0.0,,Y,N,N,N,N,N,N,N,N,N,Y,N,N,1,Y,0,0,0,No Discount,N,20071112,20071112,0,0.0,,N,0.0,0,No Tare,0.0,1,,
cosmetic,8936220560272,,cashews tom yum flavour,,,10.39,0.0,N,N,N,N,--- No Supplier ---,No Group,No Deposit,0.0,0.0,,Y,N,N,N,N,N,N,N,N,N,Y,N,N,1,Y,0,0,0,No Discount,N,20071112,20071112,0,0.0,,N,0.0,0,No Tare,0.0,1,,
cosmetic,8936220560180,,cashews salt and egg flavour,,,10.39,0.0,N,N,N,N,--- No Supplier ---,No Group,No Deposit,0.0,0.0,,Y,N,N,N,N,N,N,N,N,N,Y,N,N,1,Y,0,0,0,No Discount,N,20071112,20071112,0,0.0,,N,0.0,0,No Tare,0.0,1,,
cosmetic,8936220560159,,cashews cappucino flavour,,,10.39,0.0,N,N,N,N,--- No Supplier ---,No Group,No Deposit,0.0,0.0,,Y,N,N,N,N,N,N,N,N,N,Y,N,N,1,Y,0,0,0,No Discount,N,20071112,20071112,0,0.0,,N,0.0,0,No Tare,0.0,1,,
cosmetic,8935311140010,,Chicken flavour vietnamese instant rice noodles,,,0.79,0.0,N,N,N,N,--- No Supplier ---,No Group,No Deposit,0.0,0.0,,Y,N,N,N,N,N,N,N,N,N,Y,N,N,1,Y,-13,0,0,No Discount,N,20071112,20071112,0,0.0,,N,0.0,0,No Tare,0.0,1,,
cosmetic,851683005710,,chicken flavor asian style instant noodle,,,0.79,0.0,N,N,N,N,--- No Supplier ---,No Group,No Deposit,0.0,0.0,,Y,N,N,N,N,N,N,N,N,N,Y,N,N,1,Y,-20,0,0,No Discount,N,20071112,20071112,0,0.0,,N,0.0,0,No Tare,0.0,1,,
cosmetic,8935311130257,,hot and sour shrimp flavor instant noodles,,,0.79,0.0,N,N,N,N,--- No Supplier ---,No Group,No Deposit,0.0,0.0,,Y,N,N,N,N,N,N,N,N,N,Y,N,N,1,Y,-20,0,0,No Discount,N,20071112,20071112,0,0.0,,N,0.0,0,No Tare,0.0,1,,
cosmetic,8935311110327,,instant brown rice noodles with crab,,,2.89,0.0,N,N,N,N,--- No Supplier ---,No Group,No Deposit,0.0,0.0,,Y,N,N,N,N,N,N,N,N,N,Y,N,N,1,Y,-7,0,0,No Discount,N,20071112,20071112,0,0.0,,N,0.0,0,No Tare,0.0,1,,
cosmetic,8935311140317,,instant rice noodles chicken flavor,,,1.89,0.0,N,N,N,N,--- No Supplier ---,No Group,No Deposit,0.0,0.0,,Y,N,N,N,N,N,N,N,N,N,Y,N,N,1,Y,-21,0,0,No Discount,N,20071112,20071112,0,0.0,,N,0.0,0,No Tare,0.0,1,,
cosmetic,8935311130318,,oriental style instant noodle Beef Flour,,,0.59,0.0,N,N,N,N,--- No Supplier ---,No Group,No Deposit,0.0,0.0,,Y,N,N,N,N,N,N,N,N,N,Y,N,N,1,Y,-32,0,0,No Discount,N,20071112,20071112,0,0.0,,N,0.0,0,No Tare,0.0,1,,
cosmetic,4806513742354,,San mig Sugar Free white,,,3.49,0.0,N,N,N,N,--- No Supplier ---,No Group,No Deposit,0.0,0.0,,Y,N,N,N,N,N,N,N,N,N,Y,N,N,1,Y,-6,0,0,No Discount,N,20071112,20071112,0,0.0,,N,0.0,0,No Tare,0.0,1,,
cosmetic,4800888206183,,CREAMSILK tRIPLE KERATIN ULTIMATE STRAIGHT,,,12.49,0.0,N,N,N,N,--- No Supplier ---,No Group,No Deposit,0.0,0.0,,Y,N,N,N,N,N,N,N,N,N,Y,N,N,1,Y,-15,0,0,No Discount,N,20071112,20071112,0,0.0,,N,0.0,0,No Tare,0.0,1,,
cosmetic,4800888206091,,CREAMSILK TRIPLE KERATIN REPAIR & SHINE,,,12.49,0.0,N,N,N,N,--- No Supplier ---,No Group,No Deposit,0.0,0.0,,Y,N,N,N,N,N,N,N,N,N,Y,N,N,1,Y,-19,0,0,No Discount,N,20071112,20071112,0,0.0,,N,0.0,0,No Tare,0.0,1,,
cosmetic,4800888220936,,CREAMSILK TRIPLE KERATIN RESCUE,,,12.49,0.0,N,N,N,N,--- No Supplier ---,No Group,No Deposit,0.0,0.0,,Y,N,N,N,N,N,N,N,N,N,Y,N,N,1,Y,-21,0,0,No Discount,N,20071112,20071112,0,0.0,,N,0.0,0,No Tare,0.0,1,,
cosmetic,4800888139481,,CREAMSILK STANDOUT STRAIGHT 180ML,,,9.29,0.0,N,N,N,N,--- No Supplier ---,No Group,No Deposit,0.0,0.0,,Y,N,N,N,N,N,N,N,N,N,Y,N,N,1,Y,-22,0,0,No Discount,N,20071112,20071112,0,0.0,,N,0.0,0,No Tare,0.0,1,,
cosmetic,4800888180124,,CREAMSILK DRY RESCUE 180ML,,,9.29,0.0,N,N,N,N,--- No Supplier ---,No Group,No Deposit,0.0,0.0,,Y,N,N,N,N,N,N,N,N,N,Y,N,N,1,Y,-21,0,0,No Discount,N,20071112,20071112,0,0.0,,N,0.0,0,No Tare,0.0,1,,
cosmetic,638060265581,,ScotchBrite - Sponge,,,1.49,0.0,Y,N,N,N,--- No Supplier ---,No Group,No Deposit,0.0,0.0,,Y,N,N,N,N,N,N,N,N,N,Y,N,N,1,Y,-32,0,0,No Discount,N,20071112,20071112,0,0.0,,N,0.0,0,No Tare,0.0,1,,
cosmetic,065651000021,,Eggs - Burnbrae dozen,,,5.69,0.0,N,N,N,N,--- No Supplier ---,No Group,No Deposit,0.0,0.0,,Y,N,N,N,N,N,N,N,N,N,Y,N,N,1,Y,-4,0,0,No Discount,N,20071112,20071112,0,0.0,,N,0.0,0,No Tare,0.0,1,,
cosmetic,096619307821,,Kirkland Bath Tissue,,,8.99,0.0,N,N,N,N,--- No Supplier ---,No Group,No Deposit,0.0,0.0,,Y,N,N,N,N,N,N,N,N,N,Y,N,N,1,Y,-66,0,0,No Discount,N,20071112,20071112,0,0.0,,N,0.0,0,No Tare,0.0,1,,
cosmetic,4806527610076,,ORGANIC BARLEY LEAF JUICE DRINK MIX,,,40.0,0.0,N,N,N,N,--- No Supplier ---,No Group,No Deposit,0.0,0.0,,Y,N,N,N,N,N,N,N,N,N,Y,N,N,1,Y,6,0,0,No Discount,N,20071112,20071112,0,0.0,,N,0.0,0,No Tare,0.0,1,,
cosmetic,8090,,DEL MONTE FOUR SEASONS JUICE DRINK,,,2.25,0.0,N,N,N,N,--- No Supplier ---,No Group,No Deposit,0.0,0.0,,Y,N,N,N,N,N,N,N,N,N,Y,N,N,1,Y,-1,0,0,No Discount,N,20071112,20071112,0,0.0,,N,0.0,0,No Tare,0.0,1,,
cosmetic,827854007517,,PALMOLIVE DISH LIQUID,,,3.59,0.0,N,N,N,N,--- No Supplier ---,No Group,No Deposit,0.0,0.0,,Y,N,N,N,N,N,N,N,N,N,Y,N,N,1,Y,-3,0,0,No Discount,N,20071112,20071112,0,0.0,,N,0.0,0,No Tare,0.0,1,,
cosmetic,688054001893,,PLOCHMAN'S SUNFLOWER OIL 1L,,,9.29,0.0,N,N,N,N,--- No Supplier ---,No Group,No Deposit,0.0,0.0,,Y,N,N,N,N,N,N,N,N,N,Y,N,N,1,Y,-4,0,0,No Discount,N,20071112,20071112,0,0.0,,N,0.0,0,No Tare,0.0,1,,
cosmetic,627735222370,,GREAT VALUE EXTRA VIRGIN OLIVE OIL,,,7.29,0.0,N,N,N,N,--- No Supplier ---,No Group,No Deposit,0.0,0.0,,Y,N,N,N,N,N,N,N,N,N,Y,N,N,1,Y,-4,0,0,No Discount,N,20071112,20071112,0,0.0,,N,0.0,0,No Tare,0.0,1,,
cosmetic,774310255305,,BULACAN SALTED ACHOVY SAUCE,,,3.59,0.0,N,N,N,N,--- No Supplier ---,No Group,No Deposit,0.0,0.0,,Y,N,N,N,N,N,N,N,N,N,Y,N,N,1,Y,-24,0,0,No Discount,N,20071112,20071112,0,0.0,,N,0.0,0,No Tare,0.0,1,,
cosmetic,065333909246,,Close Up Toothpaste,,,3.19,0.0,N,N,N,N,--- No Supplier ---,No Group,No Deposit,0.0,0.0,,Y,N,N,N,N,N,N,N,N,N,Y,N,N,1,Y,0,0,0,No Discount,N,20071112,20071112,0,0.0,,N,0.0,0,No Tare,0.0,1,,
cosmetic,078300070450,,Stay Free Ultra Thins Overnight Pads,,,9.99,0.0,N,N,N,N,--- No Supplier ---,No Group,No Deposit,0.0,0.0,,Y,N,N,N,N,N,N,N,N,N,Y,N,N,1,Y,1,0,0,No Discount,N,20071112,20071112,0,0.0,,N,0.0,0,No Tare,0.0,1,,
cosmetic,627735018607,,Eco Bathroom Tissue,,,11.99,0.0,N,N,N,N,--- No Supplier ---,No Group,No Deposit,0.0,0.0,,Y,N,N,N,N,N,N,N,N,N,Y,N,N,1,Y,-1,0,0,No Discount,N,20071112,20071112,0,0.0,,N,0.0,0,No Tare,0.0,1,,
cosmetic,4806519890233,,Uni Kojic Whitening Soap,,,5.99,0.0,N,N,N,N,--- No Supplier ---,No Group,No Deposit,0.0,0.0,,Y,N,N,N,N,N,N,N,N,N,Y,N,N,1,Y,1,0,0,No Discount,N,20071112,20071112,0,0.0,,N,0.0,0,No Tare,0.0,1,,
cosmetic,2092500166810,,Seoul White Whitening Soap,,,3.99,0.0,Y,N,N,N,--- No Supplier ---,No Group,No Deposit,0.0,0.0,,Y,N,N,N,N,N,N,N,N,N,Y,N,N,1,Y,-7,0,0,No Discount,N,20071112,20071112,0,0.0,,N,0.0,0,No Tare,0.0,1,,
cosmetic,4809016015314,,Seoul White Bye Bye Acne Soap,,,3.99,0.0,N,N,N,N,--- No Supplier ---,No Group,No Deposit,0.0,0.0,,Y,N,N,N,N,N,N,N,N,N,Y,N,N,1,Y,-3,0,0,No Discount,N,20071112,20071112,0,0.0,,N,0.0,0,No Tare,0.0,1,,
cosmetic,8259,,White Large Egg 30pcs,,1 tray,15.0,0.0,N,N,N,N,--- No Supplier ---,No Group,No Deposit,0.0,0.0,,Y,N,N,N,N,N,N,N,N,N,Y,N,N,1,Y,11,0,0,No Discount,N,20071112,20071112,0,0.0,,N,0.0,0,No Tare,0.0,1,,
Deli,827854007548,,palmolive essential clean,,,3.59,0.0,N,N,N,N,--- No Supplier ---,No Group,No Deposit,0.0,0.0,,Y,N,N,N,N,N,N,N,N,N,Y,N,N,1,Y,4,0,0,No Discount,N,20071112,20071112,0,0.0,,N,0.0,0,No Tare,0.0,1,,
cosmetic,064200130226,,Lancia spaghetti 900g,,,3.29,0.0,N,N,N,N,--- No Supplier ---,No Group,No Deposit,0.0,0.0,,Y,N,N,N,N,N,N,N,N,N,Y,N,N,1,Y,1,0,0,No Discount,N,20071112,20071112,0,0.0,,N,0.0,0,No Tare,0.0,1,,
cosmetic,850019520026,,creamsilk conditioner green,,,10.89,0.0,Y,N,N,N,--- No Supplier ---,No Group,No Deposit,0.0,0.0,,Y,N,N,N,N,N,N,N,N,N,Y,N,N,1,Y,-21,0,0,No Discount,N,20071112,20071112,0,0.0,,N,0.0,0,No Tare,0.0,1,,
Deli,014285000235,,canton noodle (UFC),,,3.29,0.0,N,N,N,N,--- No Supplier ---,No Group,No Deposit,0.0,0.0,,Y,N,N,N,N,N,N,N,N,N,Y,N,N,1,Y,0,0,0,No Discount,N,20071112,20071112,0,0.0,,N,0.0,0,No Tare,0.0,1,,
cosmetic,067311283447,,Delmonte orange 2.5L,,,6.79,0.0,N,N,N,N,--- No Supplier ---,No Group,No Deposit,0.0,0.0,,Y,N,N,N,N,N,N,N,N,N,Y,N,N,1,Y,1,0,0,No Discount,N,20071112,20071112,0,0.0,,N,0.0,0,No Tare,0.0,1,,
cosmetic,806840004679,,turtle chips sweet corn,,160g,4.0,0.0,N,N,N,N,--- No Supplier ---,No Group,No Deposit,0.0,0.0,,Y,N,N,N,N,N,N,N,N,N,Y,N,N,1,Y,0,0,0,No Discount,N,20071112,20071112,0,0.0,,N,0.0,0,No Tare,0.0,1,,
cosmetic,806840004686,,Turtle Chips Choco Churros,,160g,4.99,0.0,N,N,N,N,--- No Supplier ---,No Group,No Deposit,0.0,0.0,,Y,N,N,N,N,N,N,N,N,N,Y,N,N,1,Y,3,0,0,No Discount,N,20071112,20071112,0,0.0,,N,0.0,0,No Tare,0.0,1,,
cosmetic,058000142176,,Colgate Total 170ml,,,3.99,0.0,N,N,N,N,--- No Supplier ---,No Group,No Deposit,0.0,0.0,,Y,N,N,N,N,N,N,N,N,N,Y,N,N,1,Y,-12,0,0,No Discount,N,20071112,20071112,0,0.0,,N,0.0,0,No Tare,0.0,1,,
cosmetic,035000974082,,colgate toothbrush 8pck,,,12.99,0.0,Y,N,N,N,--- No Supplier ---,No Group,No Deposit,0.0,0.0,,Y,N,N,N,N,N,N,N,N,N,Y,N,N,1,Y,-2,0,0,No Discount,N,20071112,20071112,0,0.0,,N,0.0,0,No Tare,0.0,1,,
cosmetic,063209146429,,Tim Hortons Instant Coffee 100g,,,7.49,0.0,Y,N,N,N,--- No Supplier ---,No Group,No Deposit,0.0,0.0,,Y,N,N,N,N,N,N,N,N,N,Y,N,N,1,Y,2,0,0,No Discount,N,20071112,20071112,0,0.0,,N,0.0,0,No Tare,0.0,1,,
cosmetic,850008285561,,sparkling squeeze pamplemousse,,,1.99,0.0,N,N,N,N,--- No Supplier ---,No Group,No Deposit,0.0,0.0,,Y,N,N,N,N,N,N,N,N,N,Y,N,N,1,Y,3,0,0,No Discount,N,20071112,20071112,0,0.0,,N,0.0,0,No Tare,0.0,1,,
cosmetic,850008285547,,sparkling squeeze lime,,,1.99,0.0,N,N,N,N,--- No Supplier ---,No Group,No Deposit,0.0,0.0,,Y,N,N,N,N,N,N,N,N,N,Y,N,N,1,Y,-1,0,0,No Discount,N,20071112,20071112,0,0.0,,N,0.0,0,No Tare,0.0,1,,
cosmetic,850008285523,,squeeze spring citron,,,1.99,0.0,N,N,N,N,--- No Supplier ---,No Group,No Deposit,0.0,0.0,,Y,N,N,N,N,N,N,N,N,N,Y,N,N,1,Y,3,0,0,No Discount,N,20071112,20071112,0,0.0,,N,0.0,0,No Tare,0.0,1,,
cosmetic,056600393899,,Hershey's Kisses Cookies n Cream,,,14.99,0.0,Y,N,N,N,--- No Supplier ---,No Group,No Deposit,0.0,0.0,,Y,N,N,N,N,N,N,N,N,N,Y,N,N,1,Y,1,0,0,No Discount,N,20071112,20071112,0,0.0,,N,0.0,0,No Tare,0.0,1,,
cosmetic,070221005160,,Toblerone Small 35g,,,1.49,0.0,Y,N,N,N,--- No Supplier ---,No Group,No Deposit,0.0,0.0,,Y,N,N,N,N,N,N,N,N,N,Y,N,N,1,Y,-24,0,0,No Discount,N,20071112,20071112,0,0.0,,N,0.0,0,No Tare,0.0,1,,
Grocery,060383003647,,pc chocolate almonds,,,6.19,0.0,N,N,N,N,--- No Supplier ---,No Group,No Deposit,0.0,0.0,,Y,N,N,N,N,N,N,N,N,N,Y,N,N,1,Y,1,0,0,No Discount,N,20071112,20071112,0,0.0,,N,0.0,0,No Tare,0.0,1,,
Grocery,060383998615,,pc chococolate dark,,,6.19,0.0,N,N,N,N,--- No Supplier ---,No Group,No Deposit,0.0,0.0,,Y,N,N,N,N,N,N,N,N,N,Y,N,N,1,Y,0,0,0,No Discount,N,20071112,20071112,0,0.0,,N,0.0,0,No Tare,0.0,1,,
cosmetic,062020033949,,Ferrero Rocher T3x12,,,19.99,0.0,Y,N,N,N,--- No Supplier ---,No Group,No Deposit,0.0,0.0,,Y,N,N,N,N,N,N,N,N,N,Y,N,N,1,Y,0,0,0,No Discount,N,20071112,20071112,0,0.0,,N,0.0,0,No Tare,0.0,1,,
cosmetic,037000747741,,Swiffer - Sweeper Kit,,,17.99,0.0,Y,N,N,N,--- No Supplier ---,No Group,No Deposit,0.0,0.0,,Y,N,N,N,N,N,N,N,N,N,Y,N,N,1,Y,1,0,0,No Discount,N,20071112,20071112,0,0.0,,N,0.0,0,No Tare,0.0,1,,
Grocery,066721026392,,Chips Ahoy Caramilk,,,5.59,0.0,N,N,N,N,--- No Supplier ---,No Group,No Deposit,0.0,0.0,,Y,N,N,N,N,N,N,N,N,N,Y,N,N,1,Y,0,0,0,No Discount,N,20071112,20071112,0,0.0,,N,0.0,0,No Tare,0.0,1,,
cosmetic,4800888156358,,Cream Silk Conditioner Green 350 ml,,,9.99,0.0,Y,N,N,N,--- No Supplier ---,No Group,No Deposit,0.0,0.0,,Y,N,N,N,N,N,N,N,N,N,Y,N,N,1,Y,-5,0,0,No Discount,N,20071112,20071112,0,0.0,,N,0.0,0,No Tare,0.0,1,,
cosmetic,4800888156365,,Cream Silk Conditioner Green 350ml,,,9.99,0.0,Y,N,N,N,--- No Supplier ---,No Group,No Deposit,0.0,0.0,,Y,N,N,N,N,N,N,N,N,N,Y,N,N,1,Y,-2,0,0,No Discount,N,20071112,20071112,0,0.0,,N,0.0,0,No Tare,0.0,1,,
cosmetic,4809010107015,,Golden Fish Cracker,,,4.79,0.0,N,N,N,N,--- No Supplier ---,No Group,No Deposit,0.0,0.0,,Y,N,N,N,N,N,N,N,N,N,Y,N,N,1,Y,-19,0,0,No Discount,N,20071112,20071112,0,0.0,,N,0.0,0,No Tare,0.0,1,,
cosmetic,4800016601590,,Jack&Jill Chippy Garlic&Vinegar 110g,,,1.69,0.0,Y,N,N,N,--- No Supplier ---,No Group,No Deposit,0.0,0.0,,Y,N,N,N,N,N,N,N,N,N,Y,N,N,1,Y,-25,0,0,No Discount,N,20071112,20071112,0,0.0,,N,0.0,0,No Tare,0.0,1,,
Grocery,057700215029,,maynard original gummies,,,3.49,0.0,Y,N,N,N,--- No Supplier ---,No Group,No Deposit,0.0,0.0,,Y,N,N,N,N,N,N,N,N,N,Y,N,N,1,Y,-2,0,0,No Discount,N,20071112,20071112,0,0.0,,N,0.0,0,No Tare,0.0,1,,
cosmetic,4806518334240,,Belo whitening sunscreen,,,20.0,0.0,N,N,N,N,--- No Supplier ---,No Group,No Deposit,0.0,0.0,,Y,N,N,N,N,N,N,N,N,N,Y,N,N,1,Y,-1,0,0,No Discount,N,20071112,20071112,0,0.0,,N,0.0,0,No Tare,0.0,1,,
cosmetic,4806518334028,,Belo Whitening underarm,,,15.0,0.0,N,N,N,N,--- No Supplier ---,No Group,No Deposit,0.0,0.0,,Y,N,N,N,N,N,N,N,N,N,Y,N,N,1,Y,4,0,0,No Discount,N,20071112,20071112,0,0.0,,N,0.0,0,No Tare,0.0,1,,
cosmetic,4806518332383,,Belo Tinted Sunscreen,,,20.0,0.0,N,N,N,N,--- No Supplier ---,No Group,No Deposit,0.0,0.0,,Y,N,N,N,N,N,N,N,N,N,Y,N,N,1,Y,-1,0,0,No Discount,N,20071112,20071112,0,0.0,,N,0.0,0,No Tare,0.0,1,,
cosmetic,068400032632,,Lipton Chicken Noodle Less Salt 228g,,,4.49,0.0,N,N,N,N,--- No Supplier ---,No Group,No Deposit,0.0,0.0,,Y,N,N,N,N,N,N,N,N,N,Y,N,N,1,Y,-2,0,0,No Discount,N,20071112,20071112,0,0.0,,N,0.0,0,No Tare,0.0,1,,
Grocery,4800024562692,,del monte pineapple juice,,,2.25,0.0,N,N,N,N,--- No Supplier ---,No Group,No Deposit,0.0,0.0,,Y,N,N,N,N,N,N,N,N,N,Y,N,N,1,Y,-25,0,0,No Discount,N,20071112,20071112,0,0.0,,N,0.0,0,No Tare,0.0,1,,
cosmetic,4806502761847,,Daila Gugo Shampoo 1L,,,25.99,0.0,Y,N,N,N,--- No Supplier ---,No Group,No Deposit,0.0,0.0,,Y,N,N,N,N,N,N,N,N,N,Y,N,N,1,Y,0,0,0,No Discount,N,20071112,20071112,0,0.0,,N,0.0,0,No Tare,0.0,1,,
Grocery,628915669893,,Jasmine Rice - Delicious Kitchen 8KG,,,18.99,0.0,Y,N,N,N,--- No Supplier ---,No Group,No Deposit,0.0,0.0,,Y,N,N,N,N,N,N,N,N,N,Y,N,N,1,Y,-10,0,0,No Discount,N,20071112,20071112,0,0.0,,N,0.0,0,No Tare,0.0,1,,
cosmetic,8801350100721,,Atomy Stainless Scrubbers,,,8.39,0.0,Y,N,N,N,--- No Supplier ---,No Group,No Deposit,0.0,0.0,,Y,N,N,N,N,N,N,N,N,N,Y,N,N,1,Y,-5,0,0,No Discount,N,20071112,20071112,0,0.0,,N,0.0,0,No Tare,0.0,1,,
Grocery,016571911225,,Sparkling ice black raspberry,,,1.89,0.0,N,N,N,N,--- No Supplier ---,No Group,No Deposit,0.0,0.0,,Y,N,N,N,N,N,N,N,N,N,Y,N,N,1,Y,-9,0,0,No Discount,N,20071112,20071112,0,0.0,,N,0.0,0,No Tare,0.0,1,,
cosmetic,814109023255,,Snickers Candy Popcorn,,,12.99,0.0,Y,N,N,N,--- No Supplier ---,No Group,No Deposit,0.0,0.0,,Y,N,N,N,N,N,N,N,N,N,Y,N,N,1,Y,1,0,0,No Discount,N,20071112,20071112,0,0.0,,N,0.0,0,No Tare,0.0,1,,
cosmetic,060410052785,,Ruffles All Dressed 612g,,,8.49,0.0,Y,N,N,N,--- No Supplier ---,No Group,No Deposit,0.0,0.0,,Y,N,N,N,N,N,N,N,N,N,Y,N,N,1,Y,-1,0,0,No Discount,N,20071112,20071112,0,0.0,,N,0.0,0,No Tare,0.0,1,,
cosmetic,041390001505,,Kikkoman Soy Sauce 1.89L,,,12.69,0.0,N,N,N,N,--- No Supplier ---,No Group,No Deposit,0.0,0.0,,Y,N,N,N,N,N,N,N,N,N,Y,N,N,1,Y,-4,0,0,No Discount,N,20071112,20071112,0,0.0,,N,0.0,0,No Tare,0.0,1,,
cosmetic,078895100624,,Lee Kum Kee Oyster Sauce 733ml,,,12.99,0.0,N,N,N,N,--- No Supplier ---,No Group,No Deposit,0.0,0.0,,Y,N,N,N,N,N,N,N,N,N,Y,N,N,1,Y,3,0,0,No Discount,N,20071112,20071112,0,0.0,,N,0.0,0,No Tare,0.0,1,,
cosmetic,063348066596,,Wagon Wheels Big Box 40 biscuits,,,10.49,0.0,Y,N,N,N,--- No Supplier ---,No Group,No Deposit,0.0,0.0,,Y,N,N,N,N,N,N,N,N,N,Y,N,N,1,Y,-1,0,0,No Discount,N,20071112,20071112,0,0.0,,N,0.0,0,No Tare,0.0,1,,
cosmetic,8851932354349,,sunsilk green conditioner,,,6.99,0.0,Y,N,N,N,--- No Supplier ---,No Group,No Deposit,0.0,0.0,,Y,N,N,N,N,N,N,N,N,N,Y,N,N,1,Y,0,0,0,No Discount,N,20071112,20071112,0,0.0,,N,0.0,0,No Tare,0.0,1,,
Grocery,057700014554,,Maynards Sour Patch Watermelon,,,3.49,0.0,Y,N,N,N,--- No Supplier ---,No Group,No Deposit,0.0,0.0,,Y,N,N,N,N,N,N,N,N,N,Y,N,N,1,Y,-1,0,0,No Discount,N,20071112,20071112,0,0.0,,N,0.0,0,No Tare,0.0,1,,
Grocery,063435703083,,royale toilet paper,,,12.99,0.0,N,N,N,N,--- No Supplier ---,No Group,No Deposit,0.0,0.0,,Y,N,N,N,N,N,N,N,N,N,Y,N,N,1,Y,-4,0,0,No Discount,N,20071112,20071112,0,0.0,ea,N,0.0,0,No Tare,0.0,1,,
Grocery,057000009250,,lea&perrins worcestershire sauce,,,7.99,0.0,Y,N,N,N,--- No Supplier ---,No Group,No Deposit,0.0,0.0,,Y,N,N,N,N,N,N,N,N,N,Y,N,N,1,Y,-1,0,0,No Discount,N,20071112,20071112,0,0.0,,N,0.0,0,No Tare,0.0,1,,
cosmetic,4800086041401,,Selecta Mango & Cashew ice cream,,,13.99,0.0,N,N,N,N,--- No Supplier ---,No Group,No Deposit,0.0,0.0,,Y,N,N,N,N,N,N,N,N,N,Y,N,N,1,Y,0,0,0,No Discount,N,20071112,20071112,0,0.0,,N,0.0,0,No Tare,0.0,1,,
cosmetic,4800086041425,,Selecta Ube keso ice cream,,,13.99,0.0,N,N,N,N,--- No Supplier ---,No Group,No Deposit,0.0,0.0,,Y,N,N,N,N,N,N,N,N,N,Y,N,N,1,Y,-4,0,0,No Discount,N,20071112,20071112,0,0.0,,N,0.0,0,No Tare,0.0,1,,
cosmetic,4800086041593,,Selecta Buko pandan ice cream,,,13.99,0.0,N,N,N,N,--- No Supplier ---,No Group,No Deposit,0.0,0.0,,Y,N,N,N,N,N,N,N,N,N,Y,N,N,1,Y,0,0,0,No Discount,N,20071112,20071112,0,0.0,,N,0.0,0,No Tare,0.0,1,,
cosmetic,605388342829,,ice cream sugar cones,,,2.99,0.0,N,N,N,N,--- No Supplier ---,No Group,No Deposit,0.0,0.0,,Y,N,N,N,N,N,N,N,N,N,Y,N,N,1,Y,-2,0,0,No Discount,N,20071112,20071112,0,0.0,,N,0.0,0,No Tare,0.0,1,,
cosmetic,674410,,Coke Diet Caffeine Free 2L,,,3.29,0.0,Y,N,N,N,--- No Supplier ---,No Group,No Deposit,0.0,0.0,,Y,N,N,N,N,N,N,N,N,N,Y,N,N,1,Y,-1,0,0,No Discount,N,20071112,20071112,0,0.0,ea,N,0.0,0,No Tare,0.0,1,,
cosmetic,069000159323,,Brisk Iced Tea Lemon,,,2.19,0.0,Y,N,N,N,--- No Supplier ---,No Group,No Deposit,0.0,0.0,,Y,N,N,N,N,N,N,N,N,N,Y,N,N,1,Y,-3,0,0,No Discount,N,20071112,20071112,0,0.0,,N,0.0,0,No Tare,0.0,1,,
Grocery,722252120045,,Cliff Bar Chocolate,,,1.89,0.0,N,N,N,N,--- No Supplier ---,No Group,No Deposit,0.0,0.0,,Y,N,N,N,N,N,N,N,N,N,Y,N,N,1,Y,-1,0,0,No Discount,N,20071112,20071112,0,0.0,ea,N,0.0,0,No Tare,0.0,1,,
Grocery,096619363148,,Kirkland Trail Mix 57g,,,1.89,0.0,N,N,N,N,--- No Supplier ---,No Group,No Deposit,0.0,0.0,,Y,N,N,N,N,N,N,N,N,N,Y,N,N,1,Y,10,0,0,No Discount,N,20071112,20071112,0,0.0,,N,0.0,0,No Tare,0.0,1,,
Grocery,073141553339,,pocky cookies and cream large,,,2.79,0.0,Y,N,N,N,--- No Supplier ---,No Group,No Deposit,0.0,0.0,,Y,N,N,N,N,N,N,N,N,N,Y,N,N,1,Y,0,0,0,No Discount,N,20071112,20071112,0,0.0,,N,0.0,0,No Tare,0.0,1,,
Grocery,073141552523,,pocky chocolate large,,,2.79,0.0,Y,N,N,N,--- No Supplier ---,No Group,No Deposit,0.0,0.0,,Y,N,N,N,N,N,N,N,N,N,Y,N,N,1,Y,0,0,0,No Discount,N,20071112,20071112,0,0.0,,N,0.0,0,No Tare,0.0,1,,
cosmetic,067000110573,,Sprite Citron Lime 2L,,,3.29,0.0,Y,N,N,N,--- No Supplier ---,No Group,No Deposit,0.0,0.0,,Y,N,N,N,N,N,N,N,N,N,Y,N,N,1,Y,-9,0,0,No Discount,N,20071112,20071112,0,0.0,ea,N,0.0,0,No Tare,0.0,1,,
cosmetic,829515300531,,Garden Veggie Wavy Chips 28.4g,,,1.49,0.0,N,N,N,N,--- No Supplier ---,No Group,No Deposit,0.0,0.0,,Y,N,N,N,N,N,N,N,N,N,Y,N,N,1,Y,-20,0,0,No Discount,N,20071112,20071112,0,0.0,,N,0.0,0,No Tare,0.0,1,,
cosmetic,1010,,Wagon Wheels Chocolate Mallows,,,0.49,0.0,N,N,N,N,--- No Supplier ---,No Group,No Deposit,0.0,0.0,,Y,N,N,N,N,N,N,N,N,N,Y,N,N,1,Y,40,0,0,No Discount,N,20071112,20071112,0,0.0,,N,0.0,0,No Tare,0.0,1,,
cosmetic,870223023069,,Daily defense Shampoo,,,9.69,0.0,N,N,N,N,--- No Supplier ---,No Group,No Deposit,0.0,0.0,,Y,N,N,N,N,N,N,N,N,N,Y,N,N,1,Y,1,0,0,No Discount,N,20071112,20071112,0,0.0,,N,0.0,0,No Tare,0.0,1,,
cosmetic,057800892557,,life grapefruit body wash,,,5.49,0.0,N,N,N,N,--- No Supplier ---,No Group,No Deposit,0.0,0.0,,Y,N,N,N,N,N,N,N,N,N,Y,N,N,1,Y,0,0,0,No Discount,N,20071112,20071112,0,0.0,,N,0.0,0,No Tare,0.0,1,,
cosmetic,055451001793,,V05 Apple bliss conditioner,,,3.99,0.0,N,N,N,N,--- No Supplier ---,No Group,No Deposit,0.0,0.0,,Y,N,N,N,N,N,N,N,N,N,Y,N,N,1,Y,1,0,0,No Discount,N,20071112,20071112,0,0.0,,N,0.0,0,No Tare,0.0,1,,
cosmetic,4800217051019,,Temple Salted Black Beans,,,1.49,0.0,N,N,N,N,--- No Supplier ---,No Group,No Deposit,0.0,0.0,,Y,N,N,N,N,N,N,N,N,N,Y,N,N,1,Y,4,0,0,No Discount,N,20071112,20071112,0,0.0,,N,0.0,0,No Tare,0.0,1,,
cosmetic,4806523321266,,La Natural Coconut Water with Bits 500ml,,,1.99,0.0,N,N,N,N,--- No Supplier ---,No Group,No Deposit,0.0,0.0,,Y,N,N,N,N,N,N,N,N,N,Y,N,N,1,Y,132,0,0,No Discount,N,20071112,20071112,0,0.0,,N,0.0,0,No Tare,0.0,1,,
cosmetic,4800024562258,,Del Monte Pineapple Tidbits 227g,,,2.69,0.0,N,N,N,N,--- No Supplier ---,No Group,No Deposit,0.0,0.0,,Y,N,N,N,N,N,N,N,N,N,Y,N,N,1,Y,15,0,0,No Discount,N,20071112,20071112,0,0.0,,N,0.0,0,No Tare,0.0,1,,
cosmetic,4800024020642,,Del Monte Pineapple Chunks 227g,,,2.69,0.0,N,N,N,N,--- No Supplier ---,No Group,No Deposit,0.0,0.0,,Y,N,N,N,N,N,N,N,N,N,Y,N,N,1,Y,19,0,0,No Discount,N,20071112,20071112,0,0.0,,N,0.0,0,No Tare,0.0,1,,
cosmetic,4800024012326,,Del Monte Pineapple Slices 137g,,,2.69,0.0,N,N,N,N,--- No Supplier ---,No Group,No Deposit,0.0,0.0,,Y,N,N,N,N,N,N,N,N,N,Y,N,N,1,Y,19,0,0,No Discount,N,20071112,20071112,0,0.0,,N,0.0,0,No Tare,0.0,1,,
cosmetic,068400443803,,red rose canadian 60 bags,,,7.09,0.0,Y,N,N,N,--- No Supplier ---,No Group,No Deposit,0.0,0.0,,Y,N,N,N,N,N,N,N,N,N,Y,N,N,1,Y,0,0,0,No Discount,N,20071112,20071112,0,0.0,,N,0.0,0,No Tare,0.0,1,,
cosmetic,647406055175,,Sunshine Brown Sugar,,,2.19,0.0,N,N,N,N,--- No Supplier ---,No Group,No Deposit,0.0,0.0,,Y,N,N,N,N,N,N,N,N,N,Y,N,N,1,Y,15,0,0,No Discount,N,20071112,20071112,0,0.0,,N,0.0,0,No Tare,0.0,1,,
cosmetic,627735012957,,Great Value Table Salt 1kg,,,1.99,0.0,N,N,N,N,--- No Supplier ---,No Group,No Deposit,0.0,0.0,,Y,N,N,N,N,N,N,N,N,N,Y,N,N,1,Y,-29,0,0,No Discount,N,20071112,20071112,0,0.0,,N,0.0,0,No Tare,0.0,1,,
cosmetic,627735019017,,Great Value Dill Pickle 200g,,,1.69,0.0,Y,N,N,N,--- No Supplier ---,No Group,No Deposit,0.0,0.0,,Y,N,N,N,N,N,N,N,N,N,Y,N,N,1,Y,0,0,0,No Discount,N,20071112,20071112,0,0.0,,N,0.0,0,No Tare,0.0,1,,
cosmetic,058779142865,,Magnum Cookie Duet 3x85ml,,,7.49,0.0,Y,N,N,N,--- No Supplier ---,No Group,No Deposit,0.0,0.0,,Y,N,N,N,N,N,N,N,N,N,Y,N,N,1,Y,0,0,0,No Discount,N,20071112,20071112,0,0.0,,N,0.0,0,No Tare,0.0,1,,
cosmetic,058779142889,,Magnum Almond Duet 3x85ml,,,7.49,0.0,Y,N,N,N,--- No Supplier ---,No Group,No Deposit,0.0,0.0,,Y,N,N,N,N,N,N,N,N,N,Y,N,N,1,Y,0,0,0,No Discount,N,20071112,20071112,0,0.0,,N,0.0,0,No Tare,0.0,1,,
cosmetic,058779142858,,Magnum Chocolate Duet 3x85ml,,,7.49,0.0,Y,N,N,N,--- No Supplier ---,No Group,No Deposit,0.0,0.0,,Y,N,N,N,N,N,N,N,N,N,Y,N,N,1,Y,0,0,0,No Discount,N,20071112,20071112,0,0.0,,N,0.0,0,No Tare,0.0,1,,
cosmetic,4800116014016,,Sunflower Crackers Original,,,1.99,0.0,N,N,N,N,--- No Supplier ---,No Group,No Deposit,0.0,0.0,,Y,N,N,N,N,N,N,N,N,N,Y,N,N,1,Y,0,0,0,No Discount,N,20071112,20071112,0,0.0,,N,0.0,0,No Tare,0.0,1,,
cosmetic,4809010408082,,Alfonso's Champorado Chocolate,,,1.59,0.0,Y,N,N,N,--- No Supplier ---,No Group,No Deposit,0.0,0.0,,Y,N,N,N,N,N,N,N,N,N,Y,N,N,1,Y,2,0,0,No Discount,N,20071112,20071112,0,0.0,,N,0.0,0,No Tare,0.0,1,,
cosmetic,737964000868,,Mang Tomas Sauce 20 oz.,,,4.13,0.0,N,N,N,N,--- No Supplier ---,No Group,No Deposit,0.0,0.0,,Y,N,N,N,N,N,N,N,N,N,Y,N,N,1,Y,0,0,0,No Discount,N,20071112,20071112,0,0.0,,N,0.0,0,No Tare,0.0,1,,
cosmetic,8888111580886,,SW Pineapple Slices,,,3.29,0.0,N,N,N,N,--- No Supplier ---,No Group,No Deposit,0.0,0.0,,Y,N,N,N,N,N,N,N,N,N,Y,N,N,1,Y,11,0,0,No Discount,N,20071112,20071112,0,0.0,,N,0.0,0,No Tare,0.0,1,,
cosmetic,8888111580909,,SW Pineapple Chunks,,,3.29,0.0,N,N,N,N,--- No Supplier ---,No Group,No Deposit,0.0,0.0,,Y,N,N,N,N,N,N,N,N,N,Y,N,N,1,Y,10,0,0,No Discount,N,20071112,20071112,0,0.0,,N,0.0,0,No Tare,0.0,1,,
cosmetic,8888111580923,,SW Pineapple Tidbits,,,3.29,0.0,N,N,N,N,--- No Supplier ---,No Group,No Deposit,0.0,0.0,,Y,N,N,N,N,N,N,N,N,N,Y,N,N,1,Y,12,0,0,No Discount,N,20071112,20071112,0,0.0,,N,0.0,0,No Tare,0.0,1,,
cosmetic,687122100612,,Salted cooking Sake,,,8.38,0.0,N,N,N,N,--- No Supplier ---,No Group,No Deposit,0.0,0.0,,Y,N,N,N,N,N,N,N,N,N,Y,N,N,1,Y,1,0,0,No Discount,N,20071112,20071112,0,0.0,,N,0.0,0,No Tare,0.0,1,,
cosmetic,4801668200018,,JUFRAN BANANA KETCHUP,,,2.39,0.0,Y,N,N,N,--- No Supplier ---,No Group,No Deposit,0.0,0.0,,Y,N,N,N,N,N,N,N,N,N,Y,N,N,1,Y,5,0,0,No Discount,N,20071112,20071112,0,0.0,,N,0.0,0,No Tare,0.0,1,,
cosmetic,806840001555,,Goldilocks Half Roll - Chocolate,,,15.0,0.0,N,N,N,N,--- No Supplier ---,No Group,No Deposit,0.0,0.0,,Y,N,N,N,N,N,N,N,N,N,Y,N,N,1,Y,-12,0,0,No Discount,N,20071112,20071112,0,0.0,,N,0.0,0,No Tare,0.0,1,,
cosmetic,4800110066127,,Fiesta Sweet Spaghetti Sauce 1kg,,,5.99,0.0,N,N,N,N,--- No Supplier ---,No Group,No Deposit,0.0,0.0,,Y,N,N,N,N,N,N,N,N,N,Y,N,N,1,Y,0,0,0,No Discount,N,20071112,20071112,0,0.0,,N,0.0,0,No Tare,0.0,1,,
cosmetic,035000460264,,Palmolive Pure Clear 591ml,,,3.29,0.0,N,N,N,N,--- No Supplier ---,No Group,No Deposit,0.0,0.0,,Y,N,N,N,N,N,N,N,N,N,Y,N,N,1,Y,1,0,0,No Discount,N,20071112,20071112,0,0.0,,N,0.0,0,No Tare,0.0,1,,
cosmetic,058000142541,,Palmolive Pure Clear 591ml,,,2.79,0.0,N,N,N,N,--- No Supplier ---,No Group,No Deposit,0.0,0.0,,Y,N,N,N,N,N,N,N,N,N,Y,N,N,1,Y,1,0,0,No Discount,N,20071112,20071112,0,0.0,,N,0.0,0,No Tare,0.0,1,,
cosmetic,681131914284,,GV Tomato Basil Pasta Sauce,,,5.55,0.0,N,N,N,N,--- No Supplier ---,No Group,No Deposit,0.0,0.0,,Y,N,N,N,N,N,N,N,N,N,Y,N,N,1,Y,1,0,0,No Discount,N,20071112,20071112,0,0.0,,N,0.0,0,No Tare,0.0,1,,
cosmetic,681131914291,,Great value Hot & Spicy Pasta Sauce,,,2.06,0.0,N,N,N,N,--- No Supplier ---,No Group,No Deposit,0.0,0.0,,Y,N,N,N,N,N,N,N,N,N,Y,N,N,1,Y,0,0,0,No Discount,N,20071112,20071112,0,0.0,,N,0.0,0,No Tare,0.0,1,,
cosmetic,058807717072,,Alymer Cracked pepper stewed tomatoes,,,3.36,0.0,N,N,N,N,--- No Supplier ---,No Group,No Deposit,0.0,0.0,,Y,N,N,N,N,N,N,N,N,N,Y,N,N,1,Y,1,0,0,No Discount,N,20071112,20071112,0,0.0,,N,0.0,0,No Tare,0.0,1,,
cosmetic,681131863285,,Great Value Vegetable beef legumes,,,2.18,0.0,N,N,N,N,--- No Supplier ---,No Group,No Deposit,0.0,0.0,,Y,N,N,N,N,N,N,N,N,N,Y,N,N,1,Y,1,0,0,No Discount,N,20071112,20071112,0,0.0,,N,0.0,0,No Tare,0.0,1,,
cosmetic,667888154418,,Garden fresh black pepper,,,6.38,0.0,N,N,N,N,--- No Supplier ---,No Group,No Deposit,0.0,0.0,,Y,N,N,N,N,N,N,N,N,N,Y,N,N,1,Y,1,0,0,No Discount,N,20071112,20071112,0,0.0,,N,0.0,0,No Tare,0.0,1,,
cosmetic,628915669527,,Mint Blend herbal tea,,,3.99,0.0,N,N,N,N,--- No Supplier ---,No Group,No Deposit,0.0,0.0,,Y,N,N,N,N,N,N,N,N,N,Y,N,N,1,Y,1,0,0,No Discount,N,20071112,20071112,0,0.0,,N,0.0,0,No Tare,0.0,1,,
cosmetic,628915669572,,Lemongrass green tea,,,3.99,0.0,N,N,N,N,--- No Supplier ---,No Group,No Deposit,0.0,0.0,,Y,N,N,N,N,N,N,N,N,N,Y,N,N,1,Y,0,0,0,No Discount,N,20071112,20071112,0,0.0,,N,0.0,0,No Tare,0.0,1,,
cosmetic,626594000006,,AFD Blended Sesame oil,,,4.89,0.0,N,N,N,N,--- No Supplier ---,No Group,No Deposit,0.0,0.0,,Y,N,N,N,N,N,N,N,N,N,Y,N,N,1,Y,1,0,0,No Discount,N,20071112,20071112,0,0.0,,N,0.0,0,No Tare,0.0,1,,
cosmetic,068700102981,,Dairyland - Chocolate Milk 1L,,,2.99,0.0,N,N,N,N,--- No Supplier ---,No Group,No Deposit,0.0,0.0,,Y,N,N,N,N,N,N,N,N,N,Y,N,N,1,Y,-1,0,0,No Discount,N,20071112,20071112,0,0.0,,N,0.0,0,No Tare,0.0,1,,
cosmetic,061483001021,,Farmer's Market - Chocolate Chip Cupcake,,,5.99,0.0,N,N,N,N,--- No Supplier ---,No Group,No Deposit,0.0,0.0,,Y,N,N,N,N,N,N,N,N,N,Y,N,N,1,Y,2,0,0,No Discount,N,20071112,20071112,0,0.0,,N,0.0,0,No Tare,0.0,1,,
cosmetic,627735018942,,Great Value - Ketchup Chips,,,1.79,0.0,Y,N,N,N,--- No Supplier ---,No Group,No Deposit,0.0,0.0,,Y,N,N,N,N,N,N,N,N,N,Y,N,N,1,Y,-1,0,0,No Discount,N,20071112,20071112,0,0.0,,N,0.0,0,No Tare,0.0,1,,
cosmetic,627735018966,,Great Value - Regular Potatop Chips,,,1.79,0.0,Y,N,N,N,--- No Supplier ---,No Group,No Deposit,0.0,0.0,,Y,N,N,N,N,N,N,N,N,N,Y,N,N,1,Y,0,0,0,No Discount,N,20071112,20071112,0,0.0,,N,0.0,0,No Tare,0.0,1,,
cosmetic,627735018997,,Great Value - Salt & Vinegar,,,1.79,0.0,Y,N,N,N,--- No Supplier ---,No Group,No Deposit,0.0,0.0,,Y,N,N,N,N,N,N,N,N,N,Y,N,N,1,Y,3,0,0,No Discount,N,20071112,20071112,0,0.0,,N,0.0,0,No Tare,0.0,1,,
cosmetic,628915168471,,Great Value - Sour Cream & Onion,,,1.59,0.0,N,N,N,N,--- No Supplier ---,No Group,No Deposit,0.0,0.0,,Y,N,N,N,N,N,N,N,N,N,Y,N,N,1,Y,0,0,0,No Discount,N,20071112,20071112,0,0.0,,N,0.0,0,No Tare,0.0,1,,
cosmetic,4800405123559,,marca pina soy sauce,,,2.69,0.0,Y,N,N,N,--- No Supplier ---,No Group,No Deposit,0.0,0.0,,Y,N,N,N,N,N,N,N,N,N,Y,N,N,1,Y,-4,0,0,No Discount,N,20071112,20071112,0,0.0,,N,0.0,0,No Tare,0.0,1,,
cosmetic,642078595998,,JB Patis ( Fish Sauce),,,6.99,0.0,Y,N,N,N,--- No Supplier ---,No Group,No Deposit,0.0,0.0,,Y,N,N,N,N,N,N,N,N,N,Y,N,N,1,Y,-5,0,0,No Discount,N,20071112,20071112,0,0.0,,N,0.0,0,No Tare,0.0,1,,
cosmetic,737964000608,,jufran banana ketchup,,,1.89,0.0,Y,N,N,N,--- No Supplier ---,No Group,No Deposit,0.0,0.0,,Y,N,N,N,N,N,N,N,N,N,Y,N,N,1,Y,-2,0,0,No Discount,N,20071112,20071112,0,0.0,,N,0.0,0,No Tare,0.0,1,,
cosmetic,853693001270,,buenas salted shrimp,,,4.29,0.0,Y,N,N,N,--- No Supplier ---,No Group,No Deposit,0.0,0.0,,Y,N,N,N,N,N,N,N,N,N,Y,N,N,1,Y,-7,0,0,No Discount,N,20071112,20071112,0,0.0,,N,0.0,0,No Tare,0.0,1,,
cosmetic,4806502760925,,Daila Gugo Shampoo Bar,,,5.99,0.0,N,N,N,N,--- No Supplier ---,No Group,No Deposit,0.0,0.0,,Y,N,N,N,N,N,N,N,N,N,Y,N,N,1,Y,4,0,0,No Discount,N,20071112,20071112,0,0.0,,N,0.0,0,No Tare,0.0,1,,
cosmetic,774310256319,,Golden Panda rice flour,,,1.69,0.0,N,N,N,N,--- No Supplier ---,No Group,No Deposit,0.0,0.0,,Y,N,N,N,N,N,N,N,N,N,Y,N,N,1,Y,21,0,0,No Discount,N,20071112,20071112,0,0.0,ea,N,0.0,0,No Tare,0.0,1,,
cosmetic,066806864956,,SUNSHINE BROWN SUGAR,,,1.49,0.0,N,N,N,N,--- No Supplier ---,No Group,No Deposit,0.0,0.0,,Y,N,N,N,N,N,N,N,N,N,Y,N,N,1,Y,-11,0,0,No Discount,N,20071112,20071112,0,0.0,,N,0.0,0,No Tare,0.0,1,,
cosmetic,774310133733,,BULACAN SUNDRIED BIHON,,,1.69,0.0,N,N,N,N,--- No Supplier ---,No Group,No Deposit,0.0,0.0,,Y,N,N,N,N,N,N,N,N,N,Y,N,N,1,Y,-1,0,0,No Discount,N,20071112,20071112,0,0.0,,N,0.0,0,No Tare,0.0,1,,
cosmetic,723751022373,,KOPIKO COFFEE CANDY,,,2.89,0.0,N,N,N,N,--- No Supplier ---,No Group,No Deposit,0.0,0.0,,Y,N,N,N,N,N,N,N,N,N,Y,N,N,1,Y,-22,0,0,No Discount,N,20071112,20071112,0,0.0,,N,0.0,0,No Tare,0.0,1,,
cosmetic,628250390018,,loobi coconut cream,,,2.2,0.0,N,N,N,N,--- No Supplier ---,No Group,No Deposit,0.0,0.0,,Y,N,N,N,N,N,N,N,N,N,Y,N,N,1,Y,-19,0,0,No Discount,N,20071112,20071112,0,0.0,,N,0.0,0,No Tare,0.0,1,,
cosmetic,068700045066,,DAIRY LAND UNSALTED BUTTER 454g,,,6.75,0.0,N,N,N,N,--- No Supplier ---,No Group,No Deposit,0.0,0.0,,Y,N,N,N,N,N,N,N,N,N,Y,N,N,1,Y,-2,0,0,No Discount,N,20071112,20071112,0,0.0,,N,0.0,0,No Tare,0.0,1,,
cosmetic,011115001189,,BECEL OLIVE OIL 454g,,,4.65,0.0,N,N,N,N,--- No Supplier ---,No Group,No Deposit,0.0,0.0,,Y,N,N,N,N,N,N,N,N,N,Y,N,N,1,Y,-2,0,0,No Discount,N,20071112,20071112,0,0.0,,N,0.0,0,No Tare,0.0,1,,
cosmetic,4800116099020,,BUTTER CREAM CRACKERS ENSAYMADA FLAVOR,,,2.79,0.0,N,N,N,N,--- No Supplier ---,No Group,No Deposit,0.0,0.0,,Y,N,N,N,N,N,N,N,N,N,Y,N,N,1,Y,0,0,0,No Discount,N,20071112,20071112,0,0.0,,N,0.0,0,No Tare,0.0,1,,
cosmetic,4808888411705,,PALMOLIVE ALOE VERA SHAMPOO AND CONDITIONER,,,8.49,0.0,Y,N,N,N,--- No Supplier ---,No Group,No Deposit,0.0,0.0,,Y,N,N,N,N,N,N,N,N,N,Y,N,N,1,Y,-16,0,0,No Discount,N,20071112,20071112,0,0.0,,N,0.0,0,No Tare,0.0,1,,
cosmetic,4808888413709,,PALMOLIVE COCONUT CREAM SHAMPOO AND CONDITIONER,,,8.49,0.0,Y,N,N,N,--- No Supplier ---,No Group,No Deposit,0.0,0.0,,Y,N,N,N,N,N,N,N,N,N,Y,N,N,1,Y,11,0,0,No Discount,N,20071112,20071112,0,0.0,,N,0.0,0,No Tare,0.0,1,,
cosmetic,8851932354318,,SUNSILK CONDITIONER,,,4.99,0.0,Y,N,N,N,--- No Supplier ---,No Group,No Deposit,0.0,0.0,,Y,N,N,N,N,N,N,N,N,N,Y,N,N,1,Y,-3,0,0,No Discount,N,20071112,20071112,0,0.0,,N,0.0,0,No Tare,0.0,1,,
cosmetic,4800011133348,,EFFICASCENT OIL 100 ML,,,9.39,0.0,Y,N,N,N,--- No Supplier ---,No Group,No Deposit,0.0,0.0,,Y,N,N,N,N,N,N,N,N,N,Y,N,N,1,Y,-39,0,0,No Discount,N,20071112,20071112,0,0.0,,N,0.0,0,No Tare,0.0,1,,
cosmetic,4800011133379,,EFFICASCENT OIL 235 ML,,,19.29,0.0,Y,N,N,N,--- No Supplier ---,No Group,No Deposit,0.0,0.0,,Y,N,N,N,N,N,N,N,N,N,Y,N,N,1,Y,-2,0,0,No Discount,N,20071112,20071112,0,0.0,,N,0.0,0,No Tare,0.0,1,,
Grocery,064100124004,,PRINGLES SOUR CREAM ONION,,203g,3.59,0.0,Y,N,N,N,--- No Supplier ---,No Group,No Deposit,0.0,0.0,,Y,N,N,N,N,N,N,N,N,N,Y,N,N,1,Y,-13,0,0,No Discount,N,20071112,20071112,0,0.0,,N,0.0,0,No Tare,0.0,1,,
Grocery,081652034407,,SEASONED HOT PEPPER,,300g,4.99,0.0,N,N,N,N,--- No Supplier ---,No Group,No Deposit,0.0,0.0,,Y,N,N,N,N,N,N,N,N,N,Y,N,N,1,Y,0,0,0,No Discount,N,20071112,20071112,0,0.0,,N,0.0,0,No Tare,0.0,1,,
Grocery,857451000307,,MEGA SARDINES IN TOMATO SAUCE,REGULAR,155g,1.39,0.0,N,N,N,N,--- No Supplier ---,No Group,No Deposit,0.0,0.0,,Y,N,N,N,N,N,N,N,N,N,Y,N,N,1,Y,3,0,0,No Discount,N,20071112,20071112,0,0.0,,N,0.0,0,No Tare,0.0,1,,
Grocery,748485200019,,555 SARDINES IN TOMATO SAUCE,,155g,0.89,0.0,N,N,N,N,--- No Supplier ---,No Group,No Deposit,0.0,0.0,,Y,N,N,N,N,N,N,N,N,N,Y,N,N,1,Y,-75,0,0,No Discount,N,20071112,20071112,0,0.0,,N,0.0,0,No Tare,0.0,1,,
Grocery,628915643886,,OUTDOOR GARBAGE BAGS,,,4.99,0.0,Y,Y,N,N,--- No Supplier ---,No Group,No Deposit,0.0,0.0,,Y,N,N,N,N,N,N,N,N,N,Y,N,N,1,Y,-1,0,0,No Discount,N,20071112,20071112,0,0.0,,N,0.0,0,No Tare,0.0,1,,
Grocery,628915168310,,almond milk chocolate,,,2.29,0.0,Y,N,N,N,--- No Supplier ---,No Group,No Deposit,0.0,0.0,,Y,N,N,N,N,N,N,N,N,N,Y,N,N,1,Y,-2,0,0,No Discount,N,20071112,20071112,0,0.0,,N,0.0,0,No Tare,0.0,1,,
cosmetic,4713002001369,,SESAME BROWN RICE WAFER,,190g,3.99,0.0,Y,N,N,N,--- No Supplier ---,No Group,No Deposit,0.0,0.0,,Y,N,N,N,N,N,N,N,N,N,Y,N,N,1,Y,0,0,0,No Discount,N,20071112,20071112,0,0.0,,N,0.0,0,No Tare,0.0,1,,
Grocery,014285002383,,UFC FILIPINO STYLE TOMATO SAUCE,,1KG,4.69,0.0,N,N,N,N,--- No Supplier ---,No Group,No Deposit,0.0,0.0,,Y,N,N,N,N,N,N,N,N,N,Y,N,N,1,Y,-15,0,0,No Discount,N,20071112,20071112,0,0.0,,N,0.0,0,No Tare,0.0,1,,
Grocery,774310110406,,MARCA PINA SOY SAUCE,,1L,3.69,0.0,N,N,N,N,--- No Supplier ---,No Group,No Deposit,0.0,0.0,,Y,N,N,N,N,N,N,N,N,N,Y,N,N,1,Y,-15,0,0,No Discount,N,20071112,20071112,0,0.0,,N,0.0,0,No Tare,0.0,1,,
Grocery,8809258220893,,atomi toothpaste 200g,,,6.99,0.0,Y,Y,N,N,--- No Supplier ---,No Group,No Deposit,0.0,0.0,,Y,N,N,N,N,N,N,N,N,N,Y,N,N,1,Y,76,0,0,No Discount,N,20071112,20071112,0,0.0,,N,0.0,0,No Tare,0.0,1,,
Grocery,035000450432,,Palmolive Lavendr & Lime 591ml,,,2.79,0.0,Y,Y,N,N,--- No Supplier ---,No Group,No Deposit,0.0,0.0,,Y,N,N,N,N,N,N,N,N,N,Y,N,N,1,Y,-2,0,0,No Discount,N,20071112,20071112,0,0.0,,N,0.0,0,No Tare,0.0,1,,
Grocery,058000140264,,Palmolive Coconut Butter 591ml,,,2.79,0.0,Y,Y,N,N,--- No Supplier ---,No Group,No Deposit,0.0,0.0,,Y,N,N,N,N,N,N,N,N,N,Y,N,N,1,Y,-2,0,0,No Discount,N,20071112,20071112,0,0.0,,N,0.0,0,No Tare,0.0,1,,
Grocery,035000463036,,palmolive original 828ml,,,4.99,0.0,Y,Y,N,N,--- No Supplier ---,No Group,No Deposit,0.0,0.0,,Y,N,N,N,N,N,N,N,N,N,Y,N,N,1,Y,-23,0,0,No Discount,N,20071112,20071112,0,0.0,,N,0.0,0,No Tare,0.0,1,,
Grocery,600699059718,,kraft caramels 269g,,,3.49,0.0,Y,Y,N,N,--- No Supplier ---,No Group,No Deposit,0.0,0.0,,Y,N,N,N,N,N,N,N,N,N,Y,N,N,1,Y,-9,0,0,No Discount,N,20071112,20071112,0,0.0,ea,N,0.0,0,No Tare,0.0,1,,
Grocery,072799530471,,werther original 116g,,,2.99,0.0,Y,Y,N,N,--- No Supplier ---,No Group,No Deposit,0.0,0.0,,Y,N,N,N,N,N,N,N,N,N,Y,N,N,1,Y,-2,0,0,No Discount,N,20071112,20071112,0,0.0,ea,N,0.0,0,No Tare,0.0,1,,
Grocery,058496896577,,skittles original 191g,,,2.99,0.0,Y,Y,N,N,--- No Supplier ---,No Group,No Deposit,0.0,0.0,,Y,N,N,N,N,N,N,N,N,N,Y,N,N,1,Y,-21,0,0,No Discount,N,20071112,20071112,0,0.0,ea,N,0.0,0,No Tare,0.0,1,,
Grocery,058496896560,,skittles berry 191g,,,2.99,0.0,Y,Y,N,N,--- No Supplier ---,No Group,No Deposit,0.0,0.0,,Y,N,N,N,N,N,N,N,N,N,Y,N,N,1,Y,-7,0,0,No Discount,N,20071112,20071112,0,0.0,ea,N,0.0,0,No Tare,0.0,1,,
Grocery,055000000659,,nescafe encore 100g,,,6.99,0.0,Y,Y,N,N,--- No Supplier ---,No Group,No Deposit,0.0,0.0,,Y,N,N,N,N,N,N,N,N,N,Y,N,N,1,Y,-4,0,0,No Discount,N,20071112,20071112,0,0.0,ea,N,0.0,0,No Tare,0.0,1,,
Grocery,057351121007,,ALCAN aluminum foil 100,,,7.99,4.33,Y,Y,N,N,--- No Supplier ---,No Group,No Deposit,0.0,0.0,,Y,N,N,N,N,N,N,N,N,N,Y,N,N,1,Y,-10,0,0,No Discount,N,20071112,20071112,0,0.0,ea,N,45.81,0,No Tare,0.0,1,,
Grocery,037000878100,,Dawn detergent 709ml,,,5.99,0.0,Y,Y,N,N,--- No Supplier ---,No Group,No Deposit,0.0,0.0,,Y,N,N,N,N,N,N,N,N,N,Y,N,N,1,Y,-20,0,0,No Discount,N,20071112,20071112,0,0.0,ea,N,0.0,0,No Tare,0.0,1,,
Grocery,058000003811,,Colgate toothpaste 130ml,,,2.49,0.0,Y,Y,N,N,--- No Supplier ---,No Group,No Deposit,0.0,0.0,,Y,N,N,N,N,N,N,N,N,N,Y,N,N,1,Y,-17,0,0,No Discount,N,20071112,20071112,0,0.0,ea,N,0.0,0,No Tare,0.0,1,,
Grocery,036000258615,,kLEENEX ULTRA TISSUE,,,1.99,0.0,Y,Y,N,N,--- No Supplier ---,No Group,No Deposit,0.0,0.0,,Y,N,N,N,N,N,N,N,N,N,Y,N,N,1,Y,-31,0,0,No Discount,N,20071112,20071112,0,0.0,ea,N,0.0,0,No Tare,0.0,1,,
Grocery,063435711514,,Royale tissue small,,,1.99,0.0,Y,Y,N,N,--- No Supplier ---,No Group,No Deposit,0.0,0.0,,Y,N,N,N,N,N,N,N,N,N,Y,N,N,1,Y,-17,0,0,No Discount,N,20071112,20071112,0,0.0,ea,N,0.0,0,No Tare,0.0,1,,
